,e_name,e_gu,e_address,s_name,s_gu,s_address,distance
0,강남YMCA점,강남구,서울 강남구 논현동,논현역사거리,강남구,서울특별시 강남구 강남대로 538 (논현동),1
1,강남구청역아이티웨딩점,강남구,"서울 강남구 학동로 338 (논현동, 강남파라곤)",압구정윤성빌딩,강남구,서울특별시 강남구 논현로 834 (신사동),1
2,강남논현학동점,강남구,서울 강남구 논현로131길 28 (논현동),논현역사거리,강남구,서울특별시 강남구 강남대로 538 (논현동),1
3,강남대치점,강남구,"서울 강남구 역삼로 415 (대치동, 성진빌딩)",역삼아레나빌딩,강남구,서울특별시 강남구 언주로 425 (역삼동),1
4,강남도산점,강남구,서울 강남구 도산대로37길 20 (신사동),신사역성일빌딩,강남구,서울특별시 강남구 강남대로 584 (논현동),1
5,강남세곡점,강남구,"서울 강남구 헌릉로569길 9 (세곡동, 강남지웰파인즈)",강남세곡,강남구,서울특별시 강남구 헌릉로569길 18 (세곡동),0
6,강남율현점,강남구,"서울 강남구 밤고개로21길 8 (율현동, 세곡프라자)",강남세곡,강남구,서울특별시 강남구 헌릉로569길 18 (세곡동),1
7,강남자곡점,강남구,"서울 강남구 자곡로 180 (자곡동, 강남유탑유블레스)",수서역R,강남구,서울특별시 강남구 광평로 281 (수서동),1
8,개포동역점,강남구,"서울 강남구 개포로82길 11 (개포동, 삼우빌딩)",대치재경빌딩R,강남구,서울특별시 강남구 남부순환로 2947 (대치동),1
9,건설회관점,강남구,서울 강남구 언주로 711 (논현동),논현역사거리,강남구,서울특별시 강남구 강남대로 538 (논현동),1
10,대청역점,강남구,"서울 강남구 개포로109길 34 (개포동, 대청프라자)",대치재경빌딩R,강남구,서울특별시 강남구 남부순환로 2947 (대치동),1
11,대치역점,강남구,"서울 강남구 남부순환로 2937 (대치동, 까치빌딩)",대치재경빌딩R,강남구,서울특별시 강남구 남부순환로 2947 (대치동),0
12,도곡2동점,강남구,"서울 강남구 논현로 142 (도곡동, 동현빌딩)",양재강남빌딩R,강남구,서울특별시 강남구 남부순환로 2621 (도곡동),1
13,도산사거리점,강남구,서울 강남구 논현동 ,논현역사거리,강남구,서울특별시 강남구 강남대로 538 (논현동),1
14,삼성대치점,강남구,"서울 강남구 삼성로64길 32 (대치동, 주성빌딩)",대치재경빌딩R,강남구,서울특별시 강남구 남부순환로 2947 (대치동),1
15,삼성동점,강남구,서울 강남구 테헤란로88길 10 (대치동),대치재경빌딩R,강남구,서울특별시 강남구 남부순환로 2947 (대치동),1
16,삼성중앙역점,강남구,"서울 강남구 삼성로 608 (삼성동, 우창빌딩)",역삼아레나빌딩,강남구,서울특별시 강남구 언주로 425 (역삼동),1
17,삼성한전점,강남구,서울 강남구 테헤란로107길 11 (삼성동),봉은사역,강남구,서울특별시 강남구 봉은사로 619 (삼성동),1
18,선릉사거리점,강남구,"서울 강남구 선릉로 519 (역삼동, 삼능빌딩)",역삼아레나빌딩,강남구,서울특별시 강남구 언주로 425 (역삼동),1
19,선릉역점,강남구,"서울 강남구 테헤란로 332 (역삼동, HJ타워)",역삼아레나빌딩,강남구,서울특별시 강남구 언주로 425 (역삼동),1
20,선정릉역점,강남구,서울 강남구 봉은사로 326 (역삼동),역삼아레나빌딩,강남구,서울특별시 강남구 언주로 425 (역삼동),1
21,수서역점,강남구,"서울 강남구 광평로 280 (수서동, 로즈데일오피스텔)",수서역R,강남구,서울특별시 강남구 광평로 281 (수서동),0
22,신사역점,강남구,서울 강남구 압구정로2길 62 (신사동),논현역사거리,강남구,서울특별시 강남구 강남대로 538 (논현동),1
23,신사점,강남구,서울 강남구 도산대로 118 (논현동),논현역사거리,강남구,서울특별시 강남구 강남대로 538 (논현동),1
24,압구정로데오역점,강남구,서울 강남구 선릉로161길 20 (신사동),압구정윤성빌딩,강남구,서울특별시 강남구 논현로 834 (신사동),1
25,압구정점,강남구,서울 강남구 신사동,신사역성일빌딩,강남구,서울특별시 강남구 강남대로 584 (논현동),1
26,역삼더블루점,강남구,"서울 강남구 논현로63길 16 (역삼동, 역삼종합시장 더블루)",역삼아레나빌딩,강남구,서울특별시 강남구 언주로 425 (역삼동),1
27,역삼상록점,강남구,"서울 강남구 테헤란로43길 18 (역삼동, SC빌딩)",역삼아레나빌딩,강남구,서울특별시 강남구 언주로 425 (역삼동),0
28,역삼역점,강남구,서울 강남구 테헤란로25길 17 (역삼동),역삼아레나빌딩,강남구,서울특별시 강남구 언주로 425 (역삼동),1
29,역삼월드점,강남구,"서울 강남구 역삼로52길 14 (역삼동, 도곡프라자)",역삼아레나빌딩,강남구,서울특별시 강남구 언주로 425 (역삼동),1
30,역삼점,강남구,서울 강남구 논현로72길 13 (역삼동),역삼아레나빌딩,강남구,서울특별시 강남구 언주로 425 (역삼동),1
31,역삼중앙점,강남구,서울 강남구 언주로81길 8 (역삼동),역삼아레나빌딩,강남구,서울특별시 강남구 언주로 425 (역삼동),0
32,역삼초교점,강남구,서울 강남구 강남대로 314 (역삼동),역삼아레나빌딩,강남구,서울특별시 강남구 언주로 425 (역삼동),1
33,역삼충현점,강남구,서울 강남구 논현로98길 7 (역삼동),역삼아레나빌딩,강남구,서울특별시 강남구 언주로 425 (역삼동),1
34,역삼플래티넘점,강남구,"서울 강남구 테헤란로4길 46 (역삼동, 쌍용플래티넘밸류)",역삼아레나빌딩,강남구,서울특별시 강남구 언주로 425 (역삼동),1
35,을지병원사거리점,강남구,서울 강남구 도산대로30길 7 (논현동),논현역사거리,강남구,서울특별시 강남구 강남대로 538 (논현동),1
36,이디야커피랩,강남구,"서울 강남구 논현로 636 (논현동, 이디야빌딩)",역삼아레나빌딩,강남구,서울특별시 강남구 언주로 425 (역삼동),1
37,일원동점,강남구,서울 강남구 양재대로27길 20 (일원동),학여울역,강남구,서울특별시 강남구 영동대로 215 (대치동),1
38,청담사거리점,강남구,서울 강남구 도산대로 521 (청담동),강남구청정문,강남구,서울특별시 강남구 학동로 419 (청담동),1
39,청담역점,강남구,"서울 강남구 삼성로 721 (청담동, 룩희 819)",봉은사역,강남구,서울특별시 강남구 봉은사로 619 (삼성동),1
40,포이사거리점,강남구,서울 강남구 개포로 218 (개포동),양재강남빌딩R,강남구,서울특별시 강남구 남부순환로 2621 (도곡동),1
41,학동역점,강남구,"서울 강남구 학동로 219 (논현동, 국제빌딩)",논현역사거리,강남구,서울특별시 강남구 강남대로 538 (논현동),0
42,학동제마점,강남구,서울 강남구 학동로34길 22 (논현동),논현역사거리,강남구,서울특별시 강남구 강남대로 538 (논현동),1
43,한티역점,강남구,서울 강남구 도곡로69길 8 (대치동),역삼아레나빌딩,강남구,서울특별시 강남구 언주로 425 (역삼동),1
44,4.19사거리점,강북구,서울 강북구 삼양로 501 (수유동),강북구청사거리,강북구,서울특별시 강북구 도봉로 365 (수유동),1
45,가오리역점,강북구,서울 강북구 삼각산로 108 (수유동),강북구청사거리,강북구,서울특별시 강북구 도봉로 365 (수유동),1
46,강북경찰서점,강북구,서울 강북구 오패산로 403 (번동),강북구청사거리,강북구,서울특별시 강북구 도봉로 365 (수유동),0
47,광산사거리점,강북구,"서울 강북구 노해로 91 (수유동, 진흥빌딩)",강북구청사거리,강북구,서울특별시 강북구 도봉로 365 (수유동),1
48,미아꿈의숲해링턴점,강북구,"서울 강북구 오현로 45 (미아동, 꿈의숲 해링턴 플레이스)",미아뉴타운,강북구,서울특별시 강북구 삼양로 161 (미아동),1
49,미아삼거리역점,강북구,서울 강북구 도봉로10길 28 (미아동),미아뉴타운,강북구,서울특별시 강북구 삼양로 161 (미아동),1
50,미아삼거리점,강북구,"서울 강북구 도봉로 45 (미아동, 숭인시장)",미아뉴타운,강북구,서울특별시 강북구 삼양로 161 (미아동),1
51,미아송천점,강북구,서울 강북구 삼양로 118 (미아동),미아뉴타운,강북구,서울특별시 강북구 삼양로 161 (미아동),0
52,미아역점,강북구,서울 강북구 도봉로 207 -3(미아동),강북구청사거리,강북구,서울특별시 강북구 도봉로 365 (수유동),1
53,미아중앙점,강북구,서울 강북구 도봉로 128 (미아동),미아뉴타운,강북구,서울특별시 강북구 삼양로 161 (미아동),1
54,번동점,강북구,"서울 강북구 오현로 194 (번동, 덕수빌딩)",미아역,강북구,서울특별시 강북구 도봉로 196 (미아동),1
55,북한산점,강북구,서울 강북구 4.19로 85 (수유동),미아뉴타운,강북구,서울특별시 강북구 삼양로 161 (미아동),1
56,삼각산점,강북구,서울 강북구 솔샘로40길 3 (미아동),미아뉴타운,강북구,서울특별시 강북구 삼양로 161 (미아동),0
57,삼양사거리점,강북구,"서울 강북구 솔샘로 254 (미아동, 삼양아케이트)",미아뉴타운,강북구,서울특별시 강북구 삼양로 161 (미아동),0
58,삼양시장점,강북구,"서울 강북구 삼양로 234 (미아동, 대건빌딩)",미아뉴타운,강북구,서울특별시 강북구 삼양로 161 (미아동),1
59,수유1동점,강북구,서울 강북구 삼양로 293 (수유동),미아뉴타운,강북구,서울특별시 강북구 삼양로 161 (미아동),1
60,수유역점,강북구,서울 강북구 도봉로 355 (수유동),강북구청사거리,강북구,서울특별시 강북구 도봉로 365 (수유동),0
61,우이역도선사점,강북구,서울 강북구 삼양로173길 21 (우이동),파라스파라서울,강북구,서울특별시 강북구 삼양로 689 (우이동) 파라스파라서울 지하1층,0
62,한신대점,강북구,서울 강북구 덕릉로 31 (수유동),강북구청사거리,강북구,서울특별시 강북구 도봉로 365 (수유동),1
63,가양역점,강서구,서울 강서구 양천로 500 (등촌동),가양역,강서구,서울특별시 강서구 양천로 476 (등촌동),0
64,강서nc점,강서구,서울 강서구 강서로54길 11 (등촌동),발산역사거리,강서구,서울특별시 강서구 공항대로 248 (마곡동),0
65,강서가양동점 ,강서구,"서울 강서구 강서로 511 (가양동, 한림타운)",발산역사거리,강서구,서울특별시 강서구 공항대로 248 (마곡동),1
66,강서교차로점,강서구,"서울 강서구 공항대로 437 (등촌동, 주신기업(주))",가양역,강서구,서울특별시 강서구 양천로 476 (등촌동),1
67,강서구청점,강서구,"서울 강서구 화곡로 292 (화곡동, 서광프리메라)",우장산역,강서구,서울특별시 강서구 강서로 267 (내발산동),1
68,강서한강자이점,강서구,서울 강서구 양천로 401 (가양동),발산역사거리,강서구,서울특별시 강서구 공항대로 248 (마곡동),1
69,개화산점,강서구,"서울 강서구 양천로 28 (방화동, 벽산에어트리움)",방화DT,강서구,서울특별시 강서구 방화대로 375 (방화동),1
70,곰달래사거리점,강서구,서울 강서구 곰달래로 52 (화곡동),화곡동,강서구,서울특별시 강서구 화곡로 142(화곡동),1
71,공항시장역점,강서구,"서울 강서구 방화동로 37 (방화동, 메디스타워)",마곡역,강서구,서울특별시 강서구 공항대로 168 (마곡동),1
72,까치산로점,강서구,서울 강서구 까치산로 182 (화곡동),가양역,강서구,서울특별시 강서구 양천로 476 (등촌동),1
73,까치산역점,강서구,서울 강서구 강서로17길 6 (화곡동),화곡동,강서구,서울특별시 강서구 화곡로 142(화곡동),1
74,내발산점,강서구,"서울 강서구 강서로 304 (내발산동, 영종빌딩)",발산역사거리,강서구,서울특별시 강서구 공항대로 248 (마곡동),1
75,등촌3동점,강서구,서울 강서구 공항대로41길 34 (등촌동),발산역사거리,강서구,서울특별시 강서구 공항대로 248 (마곡동),1
76,등촌역점,강서구,서울 강서구 등촌로 217 (등촌동),염창역,강서구,서울특별시 강서구 공항대로 627 (염창동),1
77,등촌중앙점,강서구,"서울 강서구 등촌로 67 (등촌동, 컴스웨이빌딩)",화곡DT,강서구,서울특별시 강서구 등촌로 57 (화곡동),0
78,렘넌트문화센터점,강서구,"서울 강서구 화곡로63길 65 (등촌동, 예원교회)",발산역사거리,강서구,서울특별시 강서구 공항대로 248 (마곡동),1
79,마곡나루역점,강서구,"서울 강서구 마곡중앙5로 6 (마곡동, 마곡나루역보타닉푸르지오시티)",발산역사거리,강서구,서울특별시 강서구 공항대로 248 (마곡동),1
80,마곡대방디엠씨티점,강서구,"서울 강서구 양천로 344 (마곡동, 마곡센트럴대방디엠시티오피스텔)",마곡역,강서구,서울특별시 강서구 공항대로 168 (마곡동),1
81,마곡수명산점,강서구,"서울 강서구 수명로 68-27 (내발산동, 웨스트엔드문화센터)",발산역사거리,강서구,서울특별시 강서구 공항대로 248 (마곡동),1
82,마곡역점,강서구,"서울 강서구 공항대로 195 (마곡동, 힐스테이트에코동익)",방화DT,강서구,서울특별시 강서구 방화대로 375 (방화동),1
83,마곡퀸즈파크9점,강서구,"서울 강서구 공항대로 247 (마곡동, 퀸즈파크나인)",발산역사거리,강서구,서울특별시 강서구 공항대로 248 (마곡동),0
84,마곡파인스퀘어점,강서구,"서울 강서구 마곡중앙4로 22 (마곡동, 파인스퀘어)",발산역사거리,강서구,서울특별시 강서구 공항대로 248 (마곡동),1
85,마곡헤리움점,강서구,"서울 강서구 마곡중앙5로1길 25 (마곡동, 마곡헤리움2차)",홍대입구역사거리R,마포구,서울특별시 마포구 양화로 125 (서교동),1
86,발산역점,강서구,서울 강서구 공항대로 280 (내발산동),마곡역,강서구,서울특별시 강서구 공항대로 168 (마곡동),1
87,방화동로점,강서구,서울 강서구 방화동로 95 (방화동),방화DT,강서구,서울특별시 강서구 방화대로 375 (방화동),1
88,방화사거리점,강서구,"서울 강서구 양천로 72 (방화동, 해성빌딩)",방화DT,강서구,서울특별시 강서구 방화대로 375 (방화동),1
89,방화역점,강서구,"서울 강서구 금낭화로 146 (방화동, 오피앙)",방화DT,강서구,서울특별시 강서구 방화대로 375 (방화동),1
90,서울공진초교점,강서구,"서울 강서구 마곡중앙1로 26 (마곡동, 마곡엠리체)",마곡나루역,강서구,서울특별시 강서구 마곡중앙로 161-17 (마곡동),1
91,송정역점,강서구,서울 강서구 공항대로 24 (공항동),마곡역,강서구,서울특별시 강서구 공항대로 168 (마곡동),1
92,신방화역점,강서구,"서울 강서구 마곡중앙5로 81 (마곡동, 에스비타운)",방화DT,강서구,서울특별시 강서구 방화대로 375 (방화동),1
93,신방화중앙점,강서구,"서울 강서구 방화대로34길 92 (방화동, 불해빌딩)",마곡역,강서구,서울특별시 강서구 공항대로 168 (마곡동),1
94,양천향교역점,강서구,서울 강서구 강서로 462 (등촌동),발산역사거리,강서구,서울특별시 강서구 공항대로 248 (마곡동),1
95,염창동점,강서구,서울 강서구 양천로 689 (염창동),염창역,강서구,서울특별시 강서구 공항대로 627 (염창동),0
96,염창블루나인점,강서구,서울 강서구 양천로 583 (염창동),가양역,강서구,서울특별시 강서구 양천로 476 (등촌동),1
97,우장산동점,강서구,서울 강서구 우현로 15 (화곡동),발산역사거리,강서구,서울특별시 강서구 공항대로 248 (마곡동),1
98,우장산역점,강서구,서울 강서구 강서로45길 5 (화곡동),발산역사거리,강서구,서울특별시 강서구 공항대로 248 (마곡동),1
99,화곡남부시장점,강서구,서울 강서구 등촌로5길 80 (화곡동),화곡DT,강서구,서울특별시 강서구 등촌로 57 (화곡동),0
100,화곡로점,강서구,서울 강서구 화곡로 133 (화곡동),우장산역,강서구,서울특별시 강서구 강서로 267 (내발산동),1
101,화곡본동시장점,강서구,서울 강서구 까치산로4길 11 (화곡동),우장산역,강서구,서울특별시 강서구 강서로 267 (내발산동),1
102,화곡사거리점,강서구,서울 강서구 곰달래로 135 (화곡동),화곡DT,강서구,서울특별시 강서구 등촌로 57 (화곡동),1
103,화곡중앙시장점,강서구,서울 강서구 가로공원로76길 61 (화곡동),화곡동,강서구,서울특별시 강서구 화곡로 142(화곡동),1
104,화곡중앙점 ,강서구,서울 강서구 까치산로 79 (화곡동),우장산역,강서구,서울특별시 강서구 강서로 267 (내발산동),1
105,관악구청점,관악구,"서울 관악구 관악로 164 (봉천동, 대우디오슈페리움1단지)",역삼아레나빌딩,강남구,서울특별시 강남구 언주로 425 (역삼동),1
106,관악우성점,관악구,서울 관악구 관악로 232 (봉천동),낙성대역,관악구,서울특별시 관악구 남부순환로 1908 (봉천동),1
107,관악하나로마트점,관악구,"서울 관악구 남부순환로 1369 (신림동, 관악농협농산물백화점)",신림DT,관악구,서울특별시 관악구 남부순환로 1419 (신림동),0
108,낙성대역점,관악구,서울 관악구 남부순환로 1915 (봉천동),낙성대역,관악구,서울특별시 관악구 남부순환로 1908 (봉천동),0
109,난곡사거리점,관악구,서울 관악구 남부순환로 1444 (신림동),보라매대교,관악구,서울특별시 관악구 보라매로3길 23 (봉천동) 1층,0
110,남현홈플러스점,관악구,"서울 관악구 과천대로 909 (남현동, 남현프라자)",사당,관악구,서울특별시 관악구 남부순환로 2082-25,1
111,녹두거리점,관악구,서울 관악구 신림로 91 (신림동),봉천역,관악구,서울특별시 관악구 남부순환로 1730 (봉천동),1
112,당곡사거리점,관악구,서울 관악구 봉천로 245 (봉천동),보라매대교,관악구,서울특별시 관악구 보라매로3길 23 (봉천동) 1층,0
113,보라매중앙점,관악구,"서울 관악구 보라매로 62 (봉천동, 보라매삼성아파트)",보라매대교,관악구,서울특별시 관악구 보라매로3길 23 (봉천동) 1층,0
114,봉일시장점,관악구,서울 관악구 은천로 23 (봉천동),서울대역,관악구,서울특별시 관악구 남부순환로 1817 (봉천동),1
115,봉천역점,관악구,서울 관악구 남부순환로 1725 (봉천동),관악서울대입구R,관악구,서울특별시 관악구 관악로 158 (봉천동),1
116,봉천중앙점,관악구,서울 관악구 남부순환로 1874 (봉천동),낙성대역,관악구,서울특별시 관악구 남부순환로 1908 (봉천동),0
117,사당중앙점,관악구,서울 관악구 과천대로 951 (남현동),낙성대DT,관악구,서울특별시 관악구 남부순환로 1948 (봉천동),1
118,서울대중앙점,관악구,서울 관악구 남부순환로216길 2 (봉천동),낙성대역,관악구,서울특별시 관악구 남부순환로 1908 (봉천동),1
119,신대방역점,관악구,서울 관악구 난곡로 368 (신림동),신림DT,관악구,서울특별시 관악구 남부순환로 1419 (신림동),1
120,신림난곡점,관악구,서울 관악구 난곡로 197 (신림동),신림DT,관악구,서울특별시 관악구 남부순환로 1419 (신림동),1
121,신림남부초교점,관악구,서울 관악구 남부순환로 1541-1 (신림동),신림DT,관악구,서울특별시 관악구 남부순환로 1419 (신림동),1
122,신림대학동점,관악구,서울 관악구 호암로26길 17 (신림동),봉천역,관악구,서울특별시 관악구 남부순환로 1730 (봉천동),1
123,신림문화교점,관악구,서울 관악구 신림로 262-1 (신림동),신림사거리,관악구,서울특별시 관악구 남부순환로 1619 (신림동),1
124,신림신원점,관악구,서울 관악구 신원로 16 (신림동),보라매대교,관악구,서울특별시 관악구 보라매로3길 23 (봉천동) 1층,1
125,신림신화교점,관악구,서울 관악구 신림로 199 (신림동),신림사거리,관악구,서울특별시 관악구 남부순환로 1619 (신림동),1
126,신림역점,관악구,서울 관악구 신림로 312 (신림동),보라매대교,관악구,서울특별시 관악구 보라매로3길 23 (봉천동) 1층,1
127,신림중앙점,관악구,서울 관악구 관천로 52 (신림동),보라매대교,관악구,서울특별시 관악구 보라매로3길 23 (봉천동) 1층,1
128,신림패션문화점,관악구,서울 관악구 봉천로6길 24 (신림동),보라매대교,관악구,서울특별시 관악구 보라매로3길 23 (봉천동) 1층,0
129,인헌점,관악구,서울 관악구 인헌길 17 (봉천동),낙성대역,관악구,서울특별시 관악구 남부순환로 1908 (봉천동),1
130,청룡중앙점,관악구,"서울 관악구 쑥고개로 80 (봉천동, 제이빌딩)",낙성대역,관악구,서울특별시 관악구 남부순환로 1908 (봉천동),1
131,건대로데오점,광진구,서울 광진구 아차산로30길 8 (자양동),건국대,광진구,서울특별시 광진구 능동로 117 (화양동),0
132,건대스타시티2호점,광진구,"서울 광진구 능동로 92 (자양동, 스타시티몰) 지하 2층 201호",건국대,광진구,서울특별시 광진구 능동로 117 (화양동),0
133,건대스타시티점,광진구,"서울 광진구 아차산로 272 (자양동, 더샵스타시티)",건국대,광진구,서울특별시 광진구 능동로 117 (화양동),0
134,건대역점,광진구,"서울 광진구 아차산로 229 (화양동, 한림타워)",건국대,광진구,서울특별시 광진구 능동로 117 (화양동),0
135,건대후문점,광진구,"서울 광진구 광나루로 416 (화양동, 건회빌딩)",건국대,광진구,서울특별시 광진구 능동로 117 (화양동),1
136,광나루점,광진구,서울 광진구 아차산로 624 (광장동),아차산역,광진구,서울특별시 광진구 천호대로 676 (구의동),1
137,광진구청점,광진구,서울 광진구 자양로 136 (구의동),건국대,광진구,서울특별시 광진구 능동로 117 (화양동),1
138,구의동점,광진구,서울 광진구 아차산로 481 (구의동),어린이대공원역,광진구,서울특별시 광진구 능동로 243 (군자동),1
139,구의사거리점,광진구,서울 광진구 광나루로 508 (구의동),건국대,광진구,서울특별시 광진구 능동로 117 (화양동),1
140,구의역점,광진구,서울 광진구 구의로 4 (구의동),아차산역,광진구,서울특별시 광진구 천호대로 676 (구의동),1
141,구의자양로점,광진구,서울 광진구 자양로 251 (구의동),어린이대공원역,광진구,서울특별시 광진구 능동로 243 (군자동),1
142,군자역점,광진구,"서울 광진구 능동로 290 (능동, 삼일빌딩)",어린이대공원역,광진구,서울특별시 광진구 능동로 243 (군자동),0
143,동서울터미널점,광진구,서울 광진구 구의동 ,어린이대공원역,광진구,서울특별시 광진구 능동로 243 (군자동),1
144,뚝섬유원지역점,광진구,서울 광진구 능동로 21 (자양동),건국대,광진구,서울특별시 광진구 능동로 117 (화양동),1
145,세종대정문점,광진구,서울 광진구 능동로 261 (군자동),건국대,광진구,서울특별시 광진구 능동로 117 (화양동),1
146,세종대후문점,광진구,서울 광진구 군자로 109 (군자동),건국대,광진구,서울특별시 광진구 능동로 117 (화양동),1
147,아차산역점,광진구,서울 광진구 천호대로 663 (구의동),어린이대공원역,광진구,서울특별시 광진구 능동로 243 (군자동),1
148,어린이대공원역점,광진구,서울 광진구 광나루로 380 (화양동),건국대,광진구,서울특별시 광진구 능동로 117 (화양동),1
149,자양동점,광진구,서울 광진구 자양로 46 (자양동),올림픽대교북단,광진구,서울특별시 광진구 광나루로 608 (구의동),1
150,자양우성점,광진구,"서울 광진구 자양번영로 34 (자양동, 제이원하이텔)",건국대,광진구,서울특별시 광진구 능동로 117 (화양동),1
151,중곡대원점,광진구,서울 광진구 용마산로 111 (중곡동),아차산역,광진구,서울특별시 광진구 천호대로 676 (구의동),1
152,중곡신성점,광진구,"서울 광진구 용마산로 37 (중곡동, 이안빌딩)",상봉,중랑구,"서울특별시 중랑구 상봉로 131 (상봉동, 상봉 듀오트리스 주상복합)",0
153,중곡역점,광진구,서울 광진구 능동로 407 (중곡동),어린이대공원역,광진구,서울특별시 광진구 능동로 243 (군자동),1
154,중곡중앙점,광진구,서울 광진구 능동로 330 (중곡동),아차산역,광진구,서울특별시 광진구 천호대로 676 (구의동),1
155,가산SKV1점,금천구,서울 금천구 가산디지털1로 171 (가산동),가산에스케이,금천구,서울특별시 금천구 가산디지털1로 171 (가산동),0
156,가산그레이트점,금천구,서울 금천구 디지털로9길 32 (가산동),가산에스케이,금천구,서울특별시 금천구 가산디지털1로 171 (가산동),1
157,가산대륭19차점,금천구,서울 금천구 가산디지털2로 70 (가산동),가산에스케이,금천구,서울특별시 금천구 가산디지털1로 171 (가산동),1
158,가산두산위브점,금천구,서울 금천구 가산로 111 (가산동),신림DT,관악구,서울특별시 관악구 남부순환로 1419 (신림동),1
159,가산리더스타워점,금천구,서울 금천구 벚꽃로 286 (가산동),가산에스케이,금천구,서울특별시 금천구 가산디지털1로 171 (가산동),0
160,가산벽산점,금천구,서울 금천구 벚꽃로 244 (가산동),가산에스케이,금천구,서울특별시 금천구 가산디지털1로 171 (가산동),1
161,가산에이스점,금천구,서울 금천구 가산디지털1로 196 (가산동),가산에스케이,금천구,서울특별시 금천구 가산디지털1로 171 (가산동),0
162,가산오거리점,금천구,"서울 금천구 가산로 155 (가산동, 케이디에스빌딩)",가산에스케이,금천구,서울특별시 금천구 가산디지털1로 171 (가산동),1
163,가산월드점,금천구,서울 금천구 가산디지털2로 123 (가산동),가산에스케이,금천구,서울특별시 금천구 가산디지털1로 171 (가산동),0
164,가산하이엔드10차점,금천구,"서울 금천구 가산디지털1로 30 (가산동, 에이스하이엔드타워10)",가산에스케이,금천구,서울특별시 금천구 가산디지털1로 171 (가산동),0
165,금천롯데마트점,금천구,"서울 금천구 시흥대로 291 (독산동, 금천롯데캐슬골드파크3차)",독산사거리,금천구,서울특별시 금천구 시흥대로 426 (독산동),0
166,독산동쌈지공원점,금천구,서울 금천구 독산로 276 (독산동),신림DT,관악구,서울특별시 관악구 남부순환로 1419 (신림동),1
167,독산동점,금천구,"서울 금천구 독산로 218 (독산동, 창영빌딩)",금천구청역,금천구,"서울특별시 금천구 시흥대로73길 67 (시흥동)112,113,114,115호",1
168,독산롯데시네마점,금천구,서울 금천구 시흥대로 399 (독산동),금천구청역,금천구,"서울특별시 금천구 시흥대로73길 67 (시흥동)112,113,114,115호",1
169,박미삼거리점,금천구,서울 금천구 시흥대로 150 (시흥동),금천구청역,금천구,"서울특별시 금천구 시흥대로73길 67 (시흥동)112,113,114,115호",1
170,세광교회점,금천구,서울 금천구 독산로 124 (시흥동),금천구청역,금천구,"서울특별시 금천구 시흥대로73길 67 (시흥동)112,113,114,115호",1
171,시흥동점,금천구,서울 금천구 시흥동,금천구청역,금천구,"서울특별시 금천구 시흥대로73길 67 (시흥동)112,113,114,115호",1
172,시흥사거리점,금천구,서울 금천구 시흥대로63길 8 (시흥동),금천구청역,금천구,"서울특별시 금천구 시흥대로73길 67 (시흥동)112,113,114,115호",0
173,시흥유통센터점,금천구,"서울 금천구 시흥대로 88 (시흥동, 오복빌딩)",금천시흥,금천구,서울특별시 금천구 시흥대로 164 (시흥동),1
174,시흥중앙점,금천구,서울 금천구 금하로 748 (시흥동),금천시흥,금천구,서울특별시 금천구 시흥대로 164 (시흥동),1
175,에이스가산포휴점,금천구,"서울 금천구 가산디지털1로 225 (가산동, 에이스 가산 포휴(지식산업센터))",가산에스케이,금천구,서울특별시 금천구 가산디지털1로 171 (가산동),1
176,은행나무사거리점,금천구,서울 금천구 금하로 690 (시흥동),금천구청역,금천구,"서울특별시 금천구 시흥대로73길 67 (시흥동)112,113,114,115호",1
177,공릉역점,노원구,서울 노원구 동일로192길 5 (공릉동),월계역,노원구,"서울특별시 노원구 초안산로2라길26 월계동(104,105,106호)",1
178,공릉중앙점,노원구,서울 노원구 공릉로 146 (공릉동),공릉DT,노원구,서울특별시 노원구 동일로 1015 (공릉동),1
179,광운대점,노원구,서울 노원구 광운로 29 (월계동),월계역,노원구,"서울특별시 노원구 초안산로2라길26 월계동(104,105,106호)",1
180,노원KT점,노원구,서울 노원구 노해로 494 (상계동),상계초교사거리,노원구,서울특별시 노원구 노원로 449 (상계동),0
181,노원사거리점,노원구,서울 노원구 동일로 1393 (상계동),상계초교사거리,노원구,서울특별시 노원구 노원로 449 (상계동),1
182,노원중앙점,노원구,서울 노원구 노원로 452 (상계동),상계초교사거리,노원구,서울특별시 노원구 노원로 449 (상계동),0
183,마들역점,노원구,서울 노원구 동일로 1541 (상계동),상계초교사거리,노원구,서울특별시 노원구 노원로 449 (상계동),1
184,상계동점,노원구,서울 노원구 한글비석로52길 8 (상계동),상계초교사거리,노원구,서울특별시 노원구 노원로 449 (상계동),1
185,상계역사거리점,노원구,서울 노원구 한글비석로 409 (상계동) 1~2층,상계초교사거리,노원구,서울특별시 노원구 노원로 449 (상계동),1
186,상계역점,노원구,서울 노원구 덕릉로 698 (중계동),상계초교사거리,노원구,서울특별시 노원구 노원로 449 (상계동),1
187,서울과학기술대점,노원구,서울 노원구 공릉로 208 (공릉동),월계트레이더스,노원구,서울특별시 노원구 마들로3길 15 (월계동),1
188,서울여대점,노원구,서울 노원구 노원로 3 (공릉동),공릉DT,노원구,서울특별시 노원구 동일로 1015 (공릉동),1
189,세이브존노원점,노원구,"서울 노원구 한글비석로 57 (하계동, 세이브존)",월계역,노원구,"서울특별시 노원구 초안산로2라길26 월계동(104,105,106호)",1
190,원자력병원점,노원구,서울 노원구 공릉로46길 6 (공릉동),공릉DT,노원구,서울특별시 노원구 동일로 1015 (공릉동),1
191,월계이마트점,노원구,"서울 노원구 마들로3길 15 (월계동, 월계이마트)",월계역,노원구,"서울특별시 노원구 초안산로2라길26 월계동(104,105,106호)",1
192,월계인덕점,노원구,서울 노원구 광운로22길 39 (월계동),월계역,노원구,"서울특별시 노원구 초안산로2라길26 월계동(104,105,106호)",0
193,월계초교점,노원구,서울 노원구 월계동 ,월계역,노원구,"서울특별시 노원구 초안산로2라길26 월계동(104,105,106호)",0
194,은행사거리점,노원구,서울 노원구 중계로 201 (중계동),상계초교사거리,노원구,서울특별시 노원구 노원로 449 (상계동),1
195,중계롯데우성점,노원구,서울 노원구 노원로22길 70 (중계동),상계초교사거리,노원구,서울특별시 노원구 노원로 449 (상계동),1
196,중계본동점,노원구,서울 노원구 중계로14바길 2 (중계동),은행사거리,노원구,"서울특별시 노원구 중계로 217, 중흥빌딩 103,203호 (중계동)",1
197,중계브라운스톤점,노원구,"서울 노원구 동일로203가길 29 (중계동, 브라운스톤중계)",월계역,노원구,"서울특별시 노원구 초안산로2라길26 월계동(104,105,106호)",1
198,중계점,노원구,서울 노원구 동일로204가길 34 (중계동),은행사거리,노원구,"서울특별시 노원구 중계로 217, 중흥빌딩 103,203호 (중계동)",1
199,중계중앙점,노원구,서울 노원구 덕릉로73길 18 (중계동),상계초교사거리,노원구,서울특별시 노원구 노원로 449 (상계동),1
200,태릉입구역점,노원구,"서울 노원구 공릉로 105 (공릉동, 성종빌딩)",공릉DT,노원구,서울특별시 노원구 동일로 1015 (공릉동),0
201,하계온천점,노원구,서울 노원구 노원로 257 (하계동),월계트레이더스,노원구,서울특별시 노원구 마들로3길 15 (월계동),1
202,덕성여대점,도봉구,서울 도봉구 삼양로 542 (쌍문동),파라스파라서울,강북구,서울특별시 강북구 삼양로 689 (우이동) 파라스파라서울 지하1층,1
203,도봉구청점,도봉구,"서울 도봉구 도봉로150길 43 (방학동, ESA 아파트)",노원마들역,노원구,"서울특별시 노원구 노원로 569 (상계동, 임광아파트)",1
204,도봉보건소사거리점,도봉구,서울 도봉구 해등로 157 (쌍문동),창동이마트,도봉구,서울특별시 도봉구 노해로65길 4 (창동),1
205,도봉역점,도봉구,서울 도봉구 도봉로 823 (도봉동),방학역,도봉구,"서울특별시 도봉구 도봉로 684 (방학동)101,102,113,114,115호",1
206,방학사거리점,도봉구,서울 도봉구 도봉로 677 (방학동),창동이마트,도봉구,서울특별시 도봉구 노해로65길 4 (창동),1
207,방학역점,도봉구,서울 도봉구 도봉로153길 15 (방학동),방학역,도봉구,"서울특별시 도봉구 도봉로 684 (방학동)101,102,113,114,115호",0
208,방학점,도봉구,서울 도봉구 방학로 171 (방학동),방학역,도봉구,"서울특별시 도봉구 도봉로 684 (방학동)101,102,113,114,115호",1
209,방학중앙점,도봉구,서울 도봉구 도당로13길 22 (방학동),방학역,도봉구,"서울특별시 도봉구 도봉로 684 (방학동)101,102,113,114,115호",1
210,선덕고사거리점,도봉구,"서울 도봉구 해등로 255 (쌍문동, 에벤에셀아파트)",쌍문역,도봉구,서울특별시 도봉구 도봉로 480 (창동),1
211,솔밭공원역점,도봉구,"서울 도봉구 삼양로 594 (쌍문동, 주함해븐빌)",파라스파라서울,강북구,서울특별시 강북구 삼양로 689 (우이동) 파라스파라서울 지하1층,1
212,신창점,도봉구,서울 도봉구 덕릉로 235 (창동),강북구청사거리,강북구,서울특별시 강북구 도봉로 365 (수유동),1
213,쌍문동점,도봉구,서울 도봉구 노해로 162 (쌍문동),강북구청사거리,강북구,서울특별시 강북구 도봉로 365 (수유동),1
214,쌍문역점,도봉구,서울 도봉구 도봉로117길 4 (쌍문동),강북구청사거리,강북구,서울특별시 강북구 도봉로 365 (수유동),1
215,쌍문중앙점,도봉구,서울 도봉구 도봉로 519 (쌍문동),파라스파라서울,강북구,서울특별시 강북구 삼양로 689 (우이동) 파라스파라서울 지하1층,1
216,창동대우점,도봉구,서울 도봉구 덕릉로63가길 30 (창동),강북구청사거리,강북구,서울특별시 강북구 도봉로 365 (수유동),1
217,창동블루핀점,도봉구,서울 도봉구 마들로 550 (창동),노원마들역,노원구,"서울특별시 노원구 노원로 569 (상계동, 임광아파트)",1
218,창동역점,도봉구,서울 도봉구 마들로11길 65 (창동),노원마들역,노원구,"서울특별시 노원구 노원로 569 (상계동, 임광아파트)",1
219,창동제일점,도봉구,서울 도봉구 노해로70길 81 (창동),노원마들역,노원구,"서울특별시 노원구 노원로 569 (상계동, 임광아파트)",1
220,창동하나로마트점,도봉구,"서울 도봉구 마들로11길 20 (창동, 농협창동유통센타)",상계초교사거리,노원구,서울특별시 노원구 노원로 449 (상계동),1
221,창동학원가점,도봉구,서울 도봉구 해등로16길 61 (창동),노원마들역,노원구,"서울특별시 노원구 노원로 569 (상계동, 임광아파트)",1
222,창동현대타운점,도봉구,서울 도봉구 도봉로114길 22 (창동),강북구청사거리,강북구,서울특별시 강북구 도봉로 365 (수유동),1
223,남성역점,동작구,서울 동작구 사당로17가길 13 (사당동),낙성대역,관악구,서울특별시 관악구 남부순환로 1908 (봉천동),1
224,노들점,동작구,서울 동작구 노량진로 200 (노량진동),노량진동,동작구,"서울특별시 동작구 노량진로 190 (노량진동, 고려교육타워-어바니엘한강) 101호~105호",0
225,노량진CTS점,동작구,서울 동작구 노량진로 110 (노량진동),노량진동,동작구,"서울특별시 동작구 노량진로 190 (노량진동, 고려교육타워-어바니엘한강) 101호~105호",1
226,노량진드림스퀘어점,동작구,"서울 동작구 노들로2길 7 (노량진동, 노량진 드림스퀘어 복합빌딩)",노량진동,동작구,"서울특별시 동작구 노량진로 190 (노량진동, 고려교육타워-어바니엘한강) 101호~105호",1
227,노량진역사점,동작구,"서울 동작구 노량진로 지하 130 (노량진동, 9호선 노량진역)",노량진동,동작구,"서울특별시 동작구 노량진로 190 (노량진동, 고려교육타워-어바니엘한강) 101호~105호",0
228,대림성모점,동작구,서울 동작구 시흥대로 658 (신대방동),신림DT,관악구,서울특별시 관악구 남부순환로 1419 (신림동),1
229,대방역점,동작구,"서울 동작구 노량진로 24 (대방동, 한신빌딩)",노량진역,동작구,서울특별시 동작구 노량진로 134 (노량진동),1
230,보라매공원점,동작구,서울 동작구 여의대방로 90 (신대방동),보라매대교,관악구,서울특별시 관악구 보라매로3길 23 (봉천동) 1층,1
231,보라매점,동작구,"서울 동작구 보라매로5가길 16 (신대방동, 보라매아카데미타워)",보라매대교,관악구,서울특별시 관악구 보라매로3길 23 (봉천동) 1층,0
232,사당역점,동작구,서울 동작구 동작대로7길 100 (사당동),낙성대역,관악구,서울특별시 관악구 남부순환로 1908 (봉천동),1
233,사당점,동작구,서울 동작구 동작대로 45 (사당동),사당,관악구,서울특별시 관악구 남부순환로 2082-25,1
234,상도역점,동작구,서울 동작구 상도로 277 (상도1동),상도역,동작구,서울특별시 동작구 상도로37길 1 (상도1동),1
235,상도중앙점,동작구,서울 동작구 만양로 17 (상도동),노량진동,동작구,"서울특별시 동작구 노량진로 190 (노량진동, 고려교육타워-어바니엘한강) 101호~105호",1
236,숭실대점,동작구,서울 동작구 사당로 2 (상도동),상도역,동작구,서울특별시 동작구 상도로37길 1 (상도1동),1
237,신대방삼거리점,동작구,서울 동작구 상도로 78 (대방동),노량진동,동작구,"서울특별시 동작구 노량진로 190 (노량진동, 고려교육타워-어바니엘한강) 101호~105호",1
238,신상도초교점,동작구,서울 동작구 양녕로 183 (상도동),상도역,동작구,서울특별시 동작구 상도로37길 1 (상도1동),1
239,중앙대점,동작구,서울 동작구 흑석로 79 (흑석동),노량진동,동작구,"서울특별시 동작구 노량진로 190 (노량진동, 고려교육타워-어바니엘한강) 101호~105호",1
240,중앙대후문점,동작구,서울 동작구 흑석로 20 (상도동),노량진동,동작구,"서울특별시 동작구 노량진로 190 (노량진동, 고려교육타워-어바니엘한강) 101호~105호",1
241,총신대입구역점,동작구,서울 동작구 동작대로 119-1 (사당동),사당,관악구,서울특별시 관악구 남부순환로 2082-25,1
242,총신대점,동작구,"서울 동작구 사당로16가길 96 (사당동) 1,2층",낙성대역,관악구,서울특별시 관악구 남부순환로 1908 (봉천동),1
243,해군회관점,동작구,서울 동작구 여의대방로 194 (대방동),노량진역,동작구,서울특별시 동작구 노량진로 134 (노량진동),1
244,흑석역점,동작구,서울 동작구 현충로 100-1 (흑석동),상도역,동작구,서울특별시 동작구 상도로37길 1 (상도1동),1
245,공덕롯데캐슬점,마포구,"서울 마포구 마포대로 109 (공덕동, 롯데캐슬프레지던트)",서강대프라자,마포구,서울특별시 마포구 백범로 35 (신수동),1
246,공덕점,마포구,서울 마포구 마포대로8길 15 (공덕동),서강대프라자,마포구,서울특별시 마포구 백범로 35 (신수동),1
247,광흥창역점,마포구,"서울 마포구 창전로 45 (창전동, 서강한화오벨리스크)",서강대프라자,마포구,서울특별시 마포구 백범로 35 (신수동),1
248,마포공덕역점,마포구,서울 마포구 새창로 6 (도화동),서강대프라자,마포구,서울특별시 마포구 백범로 35 (신수동),1
249,마포구청점,마포구,서울 마포구 월드컵로 196 (성산동),동교,마포구,"서울특별시 마포구 월드컵북로 22, 영준빌딩 1층 (동교동)",1
250,마포데시앙점,마포구,서울 마포구 독막로 320 (도화동),서강대프라자,마포구,서울특별시 마포구 백범로 35 (신수동),1
251,마포성산시영점,마포구,서울 마포구 월드컵북로 210 (성산동),홍대입구역사거리R,마포구,서울특별시 마포구 양화로 125 (서교동),1
252,마포점,마포구,서울 마포구 도화길 10 (도화동),서강대프라자,마포구,서울특별시 마포구 백범로 35 (신수동),1
253,망리단길점,마포구,"서울 마포구 포은로 81-1 (망원동, S-빌딩)",홍대입구역사거리R,마포구,서울특별시 마포구 양화로 125 (서교동),1
254,망원역점,마포구,서울 마포구 월드컵로 82-1 (서교동),홍대입구역사거리R,마포구,서울특별시 마포구 양화로 125 (서교동),1
255,망원중앙점,마포구,서울 마포구 월드컵로 147 (망원동),홍대입구역사거리R,마포구,서울특별시 마포구 양화로 125 (서교동),1
256,상수역점,마포구,서울 마포구 와우산로 41-1 (상수동),서강대프라자,마포구,서울특별시 마포구 백범로 35 (신수동),1
257,상암DMC점,마포구,서울 마포구 월드컵북로 396 (상암동),상암YTN,마포구,서울특별시 마포구 상암산로 76 (상암동),0
258,상암KBS점,마포구,서울 마포구 월드컵북로 375 (상암동),상암YTN,마포구,서울특별시 마포구 상암산로 76 (상암동),0
259,상암우리기술점,마포구,서울 마포구 월드컵북로56길 9 (상암동),상암YTN,마포구,서울특별시 마포구 상암산로 76 (상암동),0
260,상암한샘점,마포구,서울 마포구 성암로13길 58 (상암동),상암YTN,마포구,서울특별시 마포구 상암산로 76 (상암동),1
261,상암홈플러스점,마포구,서울 마포구 월드컵로 240 (성산동),홍대입구역사거리R,마포구,서울특별시 마포구 양화로 125 (서교동),1
262,서강대점,마포구,서울 마포구 백범로 34 (신수동),서강대프라자,마포구,서울특별시 마포구 백범로 35 (신수동),0
263,성산점,마포구,서울 마포구 월드컵북로 137 (성산동),동교,마포구,"서울특별시 마포구 월드컵북로 22, 영준빌딩 1층 (동교동)",1
264,성산중앙점,마포구,서울 마포구 성미산로 78 (성산동),홍대입구역사거리R,마포구,서울특별시 마포구 양화로 125 (서교동),1
265,신촌그랑자이점,마포구,"서울 마포구 대흥로 183 (대흥동, 신촌그랑자이 상가)",서강대프라자,마포구,서울특별시 마포구 백범로 35 (신수동),1
266,신촌로터리점,마포구,서울 마포구 서강로 135 (노고산동),서강대프라자,마포구,서울특별시 마포구 백범로 35 (신수동),1
267,신촌숲아이파크점,마포구,"서울 마포구 광성로 17 (신수동, 신촌숲아이파크)",서강대프라자,마포구,서울특별시 마포구 백범로 35 (신수동),1
268,신촌하나로마트점,마포구,"서울 마포구 신촌로 66 (노고산동, 농협중앙회)",서강대프라자,마포구,서울특별시 마포구 백범로 35 (신수동),1
269,애오개역점,마포구,서울 마포구 마포대로 208 (아현동),서강대프라자,마포구,서울특별시 마포구 백범로 35 (신수동),1
270,오벨리스크점,마포구,"서울 마포구 마포대로 33 (도화동, 마포 한화 오벨리스크)",서강대프라자,마포구,서울특별시 마포구 백범로 35 (신수동),1
271,한강공원로점 ,마포구,서울 마포구 망원로 21 (망원동),합정폴리스R,마포구,"서울특별시 마포구 양화로 45 (서교동, 메세나폴리스)",1
272,합정LIG점,마포구,서울 마포구 양화로1길 21 (합정동),홍대입구역사거리R,마포구,서울특별시 마포구 양화로 125 (서교동),1
273,합정동점,마포구,서울 마포구 양화로6길 90 (합정동),홍대입구역사거리R,마포구,서울특별시 마포구 양화로 125 (서교동),1
274,합정역사거리점,마포구,서울 마포구 독막로2길 5 (합정동),홍대입구역사거리R,마포구,서울특별시 마포구 양화로 125 (서교동),1
275,합정역점,마포구,서울 마포구 양화로11길 54 (서교동),홍대입구역사거리R,마포구,서울특별시 마포구 양화로 125 (서교동),1
276,합정홈플러스점,마포구,"서울 마포구 양화로 45 (서교동, 메세나폴리스)",홍대입구역사거리R,마포구,서울특별시 마포구 양화로 125 (서교동),1
277,홍대중앙점,마포구,서울 마포구 양화로 124 (서교동),홍대입구역사거리R,마포구,서울특별시 마포구 양화로 125 (서교동),0
278,홍대청기와점,마포구,서울 마포구 월드컵북로 7 (서교동),홍대입구역사거리R,마포구,서울특별시 마포구 양화로 125 (서교동),0
279,가재울점,서대문구,"서울 서대문구 수색로 100 (북가좌동, DMC래미안e편한세상)",디지털미디어시티역,마포구,서울특별시 마포구 성암로 179 (상암동),1
280,가재울중앙점,서대문구,"서울 서대문구 가재울미래로 2 (남가좌동, DMC파크뷰자이)",가재울뉴타운,서대문구,"서울특별시 서대문구 가재울미래로 2 (남가좌동, DMC파크뷰자이)",1
281,동교동점,서대문구,서울 서대문구 신촌로 5 (창천동),서강대프라자,마포구,서울특별시 마포구 백범로 35 (신수동),1
282,명지대점,서대문구,서울 서대문구 거북골로 35 (남가좌동),가재울뉴타운,서대문구,"서울특별시 서대문구 가재울미래로 2 (남가좌동, DMC파크뷰자이)",1
283,명지전문대점,서대문구,서울 서대문구 가좌로 140 (홍은동),가재울뉴타운,서대문구,"서울특별시 서대문구 가재울미래로 2 (남가좌동, DMC파크뷰자이)",1
284,무악재역점,서대문구,서울 서대문구 홍제동 ,홍제역,서대문구,서울특별시 서대문구 통일로 451 (홍제동),1
285,북가좌동점,서대문구,서울 서대문구 증가로 257 (북가좌동),상암YTN,마포구,서울특별시 마포구 상암산로 76 (상암동),1
286,서대문구청점,서대문구,서울 서대문구 연희로 237 (연희동),남가좌사거리,서대문구,"서울특별시 서대문구 거북골로 84 (남가좌동, DMC에코자이104동)",1
287,서대문점,서대문구,서울 서대문구 냉천동,아현역대로,마포구,서울특별시 마포구 신촌로 262 (아현동),1
288,신촌기차역점,서대문구,서울 서대문구 신촌역로 35 (창천동),서강대프라자,마포구,서울특별시 마포구 백범로 35 (신수동),1
289,신촌역점,서대문구,서울 서대문구 신촌로 87-20 (창천동),서강대프라자,마포구,서울특별시 마포구 백범로 35 (신수동),1
290,연남동점,서대문구,서울 서대문구 연희로 42 (연희동),홍대입구역사거리R,마포구,서울특별시 마포구 양화로 125 (서교동),1
291,연대서문점,서대문구,서울 서대문구 연희로10길 86 (연희동),홍대공항철도역,마포구,서울특별시 마포구 양화로 178 (동교동),1
292,연세대점,서대문구,서울 서대문구 연세로12길 10 (창천동),서강대프라자,마포구,서울특별시 마포구 백범로 35 (신수동),1
293,연희삼거리점,서대문구,서울 서대문구 연희로 117 (연희동),홍대공항철도역,마포구,서울특별시 마포구 양화로 178 (동교동),1
294,이화여대점,서대문구,"서울 서대문구 이화여대길 26 (대현동, 이화빌딩)",서강대프라자,마포구,서울특별시 마포구 백범로 35 (신수동),1
295,충정로3가점,서대문구,"서울 서대문구 경기대로 26-26 (충정로3가, 더스타일하우스디센트럴)",마포경찰서후문,마포구,서울특별시 마포구 마포대로 173-14 (아현동),1
296,홍은사거리점,서대문구,"서울 서대문구 통일로 510 (홍은동, 북한산 더샵)",홍제역,서대문구,서울특별시 서대문구 통일로 451 (홍제동),0
297,홍제역점,서대문구,서울 서대문구 홍제동,홍제역,서대문구,서울특별시 서대문구 통일로 451 (홍제동),1
298,강남센트럴시티점,서초구,"서울 서초구 신반포로 176 (반포동, 센트럴시티)",센트럴F1,서초구,서울특별시 서초구 신반포로 176 (반포동),0
299,교대역점,서초구,"서울 서초구 서초대로56길 22 (서초동, 성운빌딩)",방배다이치빌딩,서초구,서울특별시 서초구 방배로 114 (방배동),1
300,교육개발원사거리점,서초구,"서울 서초구 바우뫼로 180 (양재동, 신송빌딩)",양재강남빌딩R,강남구,서울특별시 강남구 남부순환로 2621 (도곡동),1
301,국립중앙도서관디지털관점,서초구,"서울 서초구 반포대로 201 (반포동, 국립중앙도서관)",센트럴F1,서초구,서울특별시 서초구 신반포로 176 (반포동),1
302,남부터미널점,서초구,서울 서초구 서초동 ,강남R,강남구,서울특별시 강남구 강남대로 390 (역삼동),1
303,내방역점,서초구,"서울 서초구 서초대로 108 (방배동, 삼보빌딩)",이수자이,동작구,서울특별시 동작구 사당로 300 (사당동 이수자이),1
304,반포지하상가점,서초구,"서울 서초구 신반포로 지하 200 (잠원동, 강남터미널지하쇼핑몰)",센트럴F1,서초구,서울특별시 서초구 신반포로 176 (반포동),1
305,방배백석점,서초구,서울 서초구 방배로 42 (방배동),방배로,서초구,서울특별시 서초구 방배로 52 (방배동),0
306,방배역점,서초구,서울 서초구 방배로 87 (방배동),사당역,동작구,"서울특별시 동작구 동작대로 21, 양지빌딩 1-3층 (사당동)",1
307,방배중앙점,서초구,"서울 서초구 동광로 1 (방배동, 대양빌딩)",남성역,동작구,서울특별시 동작구 사당로 219 (사당동),1
308,서울고속버스터미널점,서초구,"서울 서초구 신반포로 194 (반포동, 강남고속버스터미널)",센트럴F1,서초구,서울특별시 서초구 신반포로 176 (반포동),0
309,서초법조타운점,서초구,"서울 서초구 서초중앙로24길 7 (서초동, 동천빌딩)",강남오거리,강남구,서울특별시 강남구 봉은사로2길 39 (역삼동),1
310,서초우면중앙점,서초구,"서울 서초구 양재대로2길 100-11 (우면동, 서초 리슈빌S)",하이브랜드,서초구,"서울특별시 서초구 매헌로 16, 리빙관 101호 (양재동)",0
311,서초점,서초구,서울 서초구 서초대로48길 16 (서초동),서초역이화빌딩,서초구,서울특별시 서초구 반포대로21길 3 (서초동),0
312,신논현역점 ,서초구,서울 서초구 강남대로79길 10 (반포동),논현역사거리,강남구,서울특별시 강남구 강남대로 538 (논현동),1
313,양재언남점,서초구,"서울 서초구 동산로 60 (양재동, 화성빌딩)",하이브랜드,서초구,"서울특별시 서초구 매헌로 16, 리빙관 101호 (양재동)",1
314,양재점,서초구,서울 서초구 남부순환로347길 38 (서초동),양재강남빌딩R,강남구,서울특별시 강남구 남부순환로 2621 (도곡동),0
315,양재중앙점,서초구,"서울 서초구 강남대로 221 (양재동, 양재역 환승주차장)",양재강남빌딩R,강남구,서울특별시 강남구 남부순환로 2621 (도곡동),1
316,양재하나로마트점,서초구,"서울 서초구 청계산로 10 (양재동, 농협하나로클럽)",하이브랜드,서초구,"서울특별시 서초구 매헌로 16, 리빙관 101호 (양재동)",1
317,예술의전당점,서초구,"서울 서초구 반포대로 32 (서초동, 원일빌딩)",방배로,서초구,서울특별시 서초구 방배로 52 (방배동),1
318,우면동점,서초구,"서울 서초구 바우뫼로 20 (우면동, 고호빌딩)",하이브랜드,서초구,"서울특별시 서초구 매헌로 16, 리빙관 101호 (양재동)",1
319,잠원논현점,서초구,서울 서초구 신반포로 333 (잠원동),논현역사거리,강남구,서울특별시 강남구 강남대로 538 (논현동),0
320,청계산입구역점,서초구,서울 서초구 신원동,청계산입구역,서초구,서울특별시 서초구 청계산로 203 (신원동),1
321,포이점,서초구,서울 서초구 마방로10길 42 (양재동),양재강남빌딩R,강남구,서울특별시 강남구 남부순환로 2621 (도곡동),1
322,함지박사거리점,서초구,서울 서초구 방배로 234 우신빌딩,방배로,서초구,서울특별시 서초구 방배로 52 (방배동),0
323,고대개운점,성북구,서울 성북구 개운사길 30 (안암동5가),종암DT,성북구,서울특별시 성북구 종암로 17 (종암동),1
324,고대점,성북구,서울 성북구 고려대로24길 35 (안암동5가),종암DT,성북구,서울특별시 성북구 종암로 17 (종암동),1
325,길음뉴타운점,성북구,"서울 성북구 길음로 74 (길음동, 길음 에스에이치빌)",미아뉴타운,강북구,서울특별시 강북구 삼양로 161 (미아동),1
326,돈암동점,성북구,서울 성북구 동소문로 119 (동선동4가),길음역,성북구,서울특별시 성북구 정릉로 376 (돈암동),1
327,돈암아리랑점,성북구,"서울 성북구 아리랑로 75 (돈암동, 돈암코오롱하늘채)",길음역,성북구,서울특별시 성북구 정릉로 376 (돈암동),1
328,돌곶이역점,성북구,서울 성북구 돌곶이로22길 3 (석관동),광운대,노원구,서울특별시 노원구 석계로 104 (월계동),1
329,동덕여대점,성북구,서울 성북구 화랑로 99 (하월곡동),미아사거리역,강북구,서울특별시 강북구 도봉로 32 (미아동),1
330,동소문동점,성북구,서울 성북구 동소문로13길 5 (동소문동4가),성신여대정문,성북구,서울특별시 성북구 보문로34길 62 (동선동2가),1
331,보문역점,성북구,서울 성북구 보문로 111 (보문동2가),성신여대정문,성북구,서울특별시 성북구 보문로34길 62 (동선동2가),1
332,석계중앙점,성북구,서울 성북구 화랑로40길 61 (석관동),외대정문,동대문구,서울특별시 동대문구 이문로 93 (이문동),1
333,석관동점,성북구,"서울 성북구 돌곶이로8길 22 (석관동, 래미안아트리치)",외대정문,동대문구,서울특별시 동대문구 이문로 93 (이문동),1
334,성신여대역점,성북구,서울 성북구 동소문로17길 40 (동소문동6가),길음역,성북구,서울특별시 성북구 정릉로 376 (돈암동),1
335,성신여대점,성북구,서울 성북구 보문로34길 100 (동선동2가),길음역,성북구,서울특별시 성북구 정릉로 376 (돈암동),1
336,안암래미안점,성북구,서울 성북구 보문로30가길 42 (안암동1가),길음역,성북구,서울특별시 성북구 정릉로 376 (돈암동),1
337,월곡1동점,성북구,서울 성북구 오패산로 99 (하월곡동),미아뉴타운,강북구,서울특별시 강북구 삼양로 161 (미아동),1
338,월곡동아점,성북구,서울 성북구 장월로1길 47 (상월곡동),미아사거리역,강북구,서울특별시 강북구 도봉로 32 (미아동),1
339,월곡중앙점,성북구,"서울 성북구 종암로 167 (하월곡동, 동일하이빌뉴시티)",미아사거리역,강북구,서울특별시 강북구 도봉로 32 (미아동),1
340,장위2동점,성북구,서울 성북구 화랑로25길 14 (장위동),월곡역,성북구,"서울특별시 성북구 화랑로 76, 101-1호 (하월곡동)",1
341,장위뉴타운점,성북구,서울 성북구 장월로 144-1 (장위동),월계역,노원구,"서울특별시 노원구 초안산로2라길26 월계동(104,105,106호)",1
342,장위동점,성북구,서울 성북구 월계로40길 7 (장위동),월계역,노원구,"서울특별시 노원구 초안산로2라길26 월계동(104,105,106호)",1
343,장위북서울꿈의숲점,성북구,서울 성북구 돌곶이로41가길 2 (장위동),광운대,노원구,서울특별시 노원구 석계로 104 (월계동),1
344,장위중앙점,성북구,서울 성북구 장위로 35 (장위동),미아사거리역,강북구,서울특별시 강북구 도봉로 32 (미아동),1
345,정릉뉴타운점,성북구,"서울 성북구 정릉로 307 (정릉동, 라온유 아파트)",미아사거리역,강북구,서울특별시 강북구 도봉로 32 (미아동),1
346,정릉아리랑점,성북구,"서울 성북구 북악산로 851 (정릉동, 정릉2차 e-편한세상)",길음역,성북구,서울특별시 성북구 정릉로 376 (돈암동),1
347,정릉점,성북구,서울 성북구 보국문로 77 (정릉동),미아뉴타운,강북구,서울특별시 강북구 삼양로 161 (미아동),1
348,정릉중앙점,성북구,서울 성북구 정릉로 251 (정릉동),길음역,성북구,서울특별시 성북구 정릉로 376 (돈암동),1
349,종암동점,성북구,서울 성북구 종암로 105 (종암동),미아사거리역,강북구,서울특별시 강북구 도봉로 32 (미아동),1
350,하월곡동점,성북구,서울 성북구 오패산로 16 (하월곡동),미아사거리역,강북구,서울특별시 강북구 도봉로 32 (미아동),1
351,한성대역점,성북구,서울 성북구 동소문로 19 (동소문동1가),성신여대정문,성북구,서울특별시 성북구 보문로34길 62 (동선동2가),1
352,한성대점,성북구,서울 성북구 삼선교로 10 (삼선동1가),성신여대정문,성북구,서울특별시 성북구 보문로34길 62 (동선동2가),1
353,가든파이브점,송파구,"서울 송파구 충민로 10 (문정동, 가든파이브툴)",문정법원로R,송파구,서울특별시 송파구 송파대로 201 (문정동),1
354,가든파이브테크노관점,송파구,"서울 송파구 충민로 66 (문정동, 가든파이브라이프)",문정법원로R,송파구,서울특별시 송파구 송파대로 201 (문정동),1
355,가락몰점,송파구,"서울 송파구 양재대로 932 (가락동, 가락몰 판매동)",수서역R,강남구,서울특별시 강남구 광평로 281 (수서동),1
356,가락중앙점,송파구,서울 송파구 송이로 87 (가락동),문정법원로R,송파구,서울특별시 송파구 송파대로 201 (문정동),1
357,개롱역점,송파구,"서울 송파구 오금로 407 (오금동, 상아아파트)",송파개롱역,송파구,서울특별시 송파구 오금로 420 (가락동),0
358,거여점,송파구,서울 송파구 오금로 497 (거여동),송파위례,송파구,"서울특별시 송파구 위례광장로 230 (장지동, 위례2차아이파크)",0
359,마천사거리점,송파구,"서울 송파구 마천로 264 (거여동, 흥일빌딩)",송파개롱역,송파구,서울특별시 송파구 오금로 420 (가락동),1
360,문정KDU타워점,송파구,"서울 송파구 정의로 70 (문정동, 케이디유타워)",문정법원로R,송파구,서울특별시 송파구 송파대로 201 (문정동),1
361,문정문현점,송파구,서울 송파구 새말로8길 30 (문정동),문정법원로R,송파구,서울특별시 송파구 송파대로 201 (문정동),1
362,문정중앙점,송파구,서울 송파구 문정로 31-1 (문정동),문정법원로R,송파구,서울특별시 송파구 송파대로 201 (문정동),1
363,문정테라타워점,송파구,"서울 송파구 송파대로 167 (문정동, 문정역테라타워)",문정법원로R,송파구,서울특별시 송파구 송파대로 201 (문정동),0
364,방이미성점,송파구,"서울 송파구 오금로 251 (방이동, 잠실3차한양아파트)",송파나루역DT,송파구,서울특별시 송파구 오금로 142 (송파동),1
365,방이시장점,송파구,서울 송파구 백제고분로48길 3 (방이동),송파나루역DT,송파구,서울특별시 송파구 오금로 142 (송파동),0
366,방이역점,송파구,서울 송파구 위례성대로18길 32 (방이동),송파나루역DT,송파구,서울특별시 송파구 오금로 142 (송파동),1
367,방이초교점,송파구,서울 송파구 가락로 280 (방이동),송파나루역DT,송파구,서울특별시 송파구 오금로 142 (송파동),1
368,삼전역점,송파구,서울 송파구 백제고분로 263 (삼전동),송파헬리오시티,송파구,"서울특별시 송파구 송파대로 345 (가락동, 헬리오시티)",1
369,서울삼성내과점,송파구,"서울 송파구 백제고분로 126 (잠실동, 오룡빌딩)",삼성교,강남구,"서울특별시 강남구 영동대로86길 12, 동남유화빌딩 1층",1
370,석촌백제점,송파구,"서울 송파구 백제고분로39길 15 (석촌동, 삼경빌딩)",송파나루역DT,송파구,서울특별시 송파구 오금로 142 (송파동),1
371,석촌사거리점,송파구,"서울 송파구 송파대로 409 (석촌동, 범양빌딩)",송파나루역DT,송파구,서울특별시 송파구 오금로 142 (송파동),1
372,석촌역점,송파구,"서울 송파구 송파대로 456 (송파동, 웅현빌딩)",송파나루역DT,송파구,서울특별시 송파구 오금로 142 (송파동),1
373,송파동점,송파구,"서울 송파구 백제고분로41길 5 (송파동, 태원빌딩)",송파나루역DT,송파구,서울특별시 송파구 오금로 142 (송파동),0
374,송파문정점,송파구,서울 송파구 송이로 159 (가락동),문정법원로R,송파구,서울특별시 송파구 송파대로 201 (문정동),1
375,송파올림픽훼미리타운점,송파구,"서울 송파구 중대로 24 (문정동, 올림픽훼밀리타운 아카데미 상가)",수서역R,강남구,서울특별시 강남구 광평로 281 (수서동),1
376,송파위례점,송파구,"서울 송파구 위례광장로 188 (장지동, 아이온스퀘어)",송파위례,송파구,"서울특별시 송파구 위례광장로 230 (장지동, 위례2차아이파크)",0
377,송파잠실점,송파구,서울 송파구 삼전로 95 (잠실동),잠실시그마타워,송파구,서울특별시 송파구 올림픽로 289 (신천동),1
378,송파파인타운점,송파구,"서울 송파구 충민로2길 28 (장지동, 대진플라자2)",문정법원로R,송파구,서울특별시 송파구 송파대로 201 (문정동),1
379,송파풍납점,송파구,서울 송파구 강동대로9길 17-1 (풍납동),올림픽평화의문,송파구,서울특별시 송파구 위례성대로 38 (방이동) 해태그린피아빌라트,1
380,송파하비오점,송파구,"서울 송파구 송파대로 111 (문정동, 파크하비오)",문정법원로R,송파구,서울특별시 송파구 송파대로 201 (문정동),1
381,송파한양점,송파구,"서울 송파구 가락로 165 (송파동, 위례캐슬빌)",송파나루역DT,송파구,서울특별시 송파구 오금로 142 (송파동),1
382,오금점,송파구,"서울 송파구 오금로 306 (가락동, 가락스타클래스)",송파개롱역,송파구,서울특별시 송파구 오금로 420 (가락동),1
383,오금중앙점 ,송파구,"서울 송파구 위례성대로22길 18 (오금동, 이시돌빌딩)",송파개롱역,송파구,서울특별시 송파구 오금로 420 (가락동),1
384,올림픽공원점,송파구,서울 송파구 올림픽로 354 (방이동),송파나루역DT,송파구,서울특별시 송파구 오금로 142 (송파동),1
385,올림픽프라자점,송파구,서울 송파구 양재대로 1222 (방이동),송파방이DT,송파구,서울특별시 송파구 오금로 241 (방이동),1
386,위례아이파크점,송파구,"서울 송파구 위례광장로 136 (장지동, 위례아이파크)",문정법원로R,송파구,서울특별시 송파구 송파대로 201 (문정동),1
387,위례포레샤인점,송파구,"서울 송파구 위례순환로 477 (장지동, 위례포레샤인23단지)",문정하비오,송파구,"서울특별시 송파구 송파대로 111 (문정동, 파크하비오) 204동 104호~107호",1
388,잠실나루역점,송파구,"서울 송파구 올림픽로35길 104 (신천동, 장미아파트)",송파나루역DT,송파구,서울특별시 송파구 오금로 142 (송파동),1
389,잠실본동점,송파구,"서울 송파구 백제고분로 172 (잠실동, 제이케이빌딩)",석촌서호,송파구,서울특별시 송파구 석촌호수로 176 (삼전동),1
390,잠실역점,송파구,"서울 송파구 송파대로 567 (잠실동, 잠실주공아파트)",송파나루역DT,송파구,서울특별시 송파구 오금로 142 (송파동),1
391,종합운동장역점,송파구,"서울 송파구 올림픽로 76 (잠실동, J타워)",봉은사역,강남구,서울특별시 강남구 봉은사로 619 (삼성동),1
392,CBS본사점,양천구,서울 양천구 목동서로 159-1 (목동),화곡DT,강서구,서울특별시 강서구 등촌로 57 (화곡동),1
393,강서초교점,양천구,서울 양천구 오목로 48 (신월동),까치산역,강서구,서울특별시 강서구 강서로13길 3 (화곡동),1
394,남부지방법원점,양천구,"서울 양천구 은행정로4길 25 (신정동, SM엘루이아파트)",목동행복한,양천구,서울특별시 양천구 목동동로 309 (목동),1
395,목3동점,양천구,"서울 양천구 목동중앙북로 38 (목동, 롯데캐슬위너아파트)",화곡DT,강서구,서울특별시 강서구 등촌로 57 (화곡동),1
396,목4동점,양천구,서울 양천구 목동중앙본로7길 46 (목동),화곡DT,강서구,서울특별시 강서구 등촌로 57 (화곡동),1
397,목동남부점,양천구,서울 양천구 목동남로 46 (신정동),목동8단지,양천구,서울특별시 양천구 목동서로 299 (신정동),1
398,목동등촌로점,양천구,서울 양천구 등촌로 180 (목동),화곡DT,강서구,서울특별시 강서구 등촌로 57 (화곡동),1
399,목동로데오점,양천구,서울 양천구 목동로 219 (신정동),화곡DT,강서구,서울특별시 강서구 등촌로 57 (화곡동),1
400,목동신목점,양천구,"서울 양천구 목동중앙로 85 (목동, 강산아파트)",화곡DT,강서구,서울특별시 강서구 등촌로 57 (화곡동),1
401,목동신트리점,양천구,"서울 양천구 신정로 312 (신정동, 뉴프라자)",신정DT,양천구,서울특별시 양천구 신월로 341 (신정동),1
402,목동아델리체점,양천구,"서울 양천구 중앙로43길 14 (신정동, 래미안 목동아델리체)",신정DT,양천구,서울특별시 양천구 신월로 341 (신정동),1
403,목동역점,양천구,서울 양천구 오목로 227 (신정동),화곡DT,강서구,서울특별시 강서구 등촌로 57 (화곡동),1
404,목동중앙점,양천구,"서울 양천구 목동서로 287 (신정동, 동문비젼오피스텔)",목동행복한,양천구,서울특별시 양천구 목동동로 309 (목동),1
405,목동파라곤점,양천구,서울 양천구 목동서로 155 (목동),화곡DT,강서구,서울특별시 강서구 등촌로 57 (화곡동),1
406,목동파리공원점,양천구,서울 양천구 목동동로 379 (목동),화곡DT,강서구,서울특별시 강서구 등촌로 57 (화곡동),1
407,신월5동점,양천구,서울 양천구 화곡로 50 (신월동),우장산역,강서구,서울특별시 강서구 강서로 267 (내발산동),1
408,신월7동점,양천구,서울 양천구 지양로 79 (신월동),신월IC DT,양천구,서울특별시 양천구 남부순환로 430 (신월동),1
409,신월사거리점,양천구,서울 양천구 남부순환로 353 (신월동),화곡동,강서구,서울특별시 강서구 화곡로 142(화곡동),1
410,신정교점,양천구,서울 양천구 신목로 36 (신정동),목동행복한,양천구,서울특별시 양천구 목동동로 309 (목동),1
411,신정네거리역점,양천구,서울 양천구 중앙로 282 (신정동),까치산역,강서구,서울특별시 강서구 강서로13길 3 (화곡동),1
412,신정역점,양천구,서울 양천구 오목로 155 (신정동),화곡DT,강서구,서울특별시 강서구 등촌로 57 (화곡동),1
413,양천구청점,양천구,서울 양천구 목동동로 63 (신정동),신정DT,양천구,서울특별시 양천구 신월로 341 (신정동),1
414,오목교대학학원점,양천구,서울 양천구 오목로 319 (목동),화곡DT,강서구,서울특별시 강서구 등촌로 57 (화곡동),1
415,오목교역점,양천구,서울 양천구 신목로 102 (목동),목동파리공원,양천구,서울특별시 양천구 목동동로 377 (목동),1
416,KBS별관점,영등포구,"서울 영등포구 국제금융로8길 27-9 (여의도동, 동북빌딩)",노량진역,동작구,서울특별시 동작구 노량진로 134 (노량진동),1
417,국회대로점,영등포구,"서울 영등포구 국회대로72길 4 (여의도동, 아이비피아빌딩)",당산대로,영등포구,서울특별시 영등포구 양평로 22 (당산동6가),1
418,국회의사당역점,영등포구,"서울 영등포구 의사당대로 22 (여의도동, 이룸센터)",영등포역,영등포구,서울특별시 영등포구 경인로 870 (영등포동1가),1
419,남부고용센터점,영등포구,서울 영등포구 양산로 71 (양평동3가),목동행복한,양천구,서울특별시 양천구 목동동로 309 (목동),1
420,당산버드나루점,영등포구,서울 영등포구 버드나루로 87 (영등포동7가),타임스퀘어R,영등포구,서울특별시 영등포구 영중로 15 지하 1층 (영등포동4가),1
421,당산역점,영등포구,"서울 영등포구 당산로 222 (당산동5가, 당산디오빌)",당산대로,영등포구,서울특별시 영등포구 양평로 22 (당산동6가),0
422,당산중앙점,영등포구,서울 영등포구 당산로 159 (당산동4가),타임스퀘어R,영등포구,서울특별시 영등포구 영중로 15 지하 1층 (영등포동4가),1
423,대림1동점,영등포구,서울 영등포구 도림로 198 (대림동),영등포신길,영등포구,"서울특별시 영등포구 신길로 137 (신길동) 1,2층",1
424,대림3동점,영등포구,서울 영등포구 대림로 212 (대림동),영등포신길,영등포구,"서울특별시 영등포구 신길로 137 (신길동) 1,2층",1
425,대림역점,영등포구,서울 영등포구 도림로31길 2 (대림동),구로디지털타워,구로구,서울특별시 구로구 디지털로32길 30 (구로동),1
426,도림사거리점,영등포구,서울 영등포구 도림로 326 (신길동),타임스퀘어R,영등포구,서울특별시 영등포구 영중로 15 지하 1층 (영등포동4가),1
427,도림점,영등포구,"서울 영등포구 도신로15길 40 (도림동, 도림빌딩)",타임스퀘어R,영등포구,서울특별시 영등포구 영중로 15 지하 1층 (영등포동4가),1
428,라이프점,영등포구,"서울 영등포구 63로 40 (여의도동, 라이프오피스텔)",노량진동,동작구,"서울특별시 동작구 노량진로 190 (노량진동, 고려교육타워-어바니엘한강) 101호~105호",1
429,문래역점,영등포구,서울 영등포구 문래로 89 (문래동3가),오목교역,양천구,서울특별시 양천구 오목로 354 (목동),1
430,보라매역점,영등포구,서울 영등포구 여의대방로 141 (신길동),영등포역,영등포구,서울특별시 영등포구 경인로 870 (영등포동1가),1
431,서여의도점,영등포구,"서울 영등포구 국회대로72길 17 (여의도동, KCC파크타운)",여의도IFC몰(L1)R,영등포구,서울특별시 영등포구 국제금융로 10 (여의도동)  지하1층 178호,1
432,선유도역점,영등포구,서울 영등포구 양평로 126 (양평동5가),망원한강공원,마포구,서울특별시 마포구 마포나루길 435 (망원동),1
433,신길성애병원점,영등포구,서울 영등포구 여의대방로53길 27 (신길동),샛강역,영등포구,서울특별시 영등포구 여의대방로 376 (여의도동),1
434,신길썬프라자점,영등포구,서울 영등포구 신길로 42 (신길동),보라매공원R,동작구,"서울특별시 동작구 보라매로5길 35 (신대방동, 파크스퀘어,보라매현대APT)",1
435,신길아이파크점,영등포구,서울 영등포구 도림로 280 (신길동),영등포신길,영등포구,"서울특별시 영등포구 신길로 137 (신길동) 1,2층",1
436,신길역점,영등포구,서울 영등포구 영등포로 353 (신길동),타임스퀘어R,영등포구,서울특별시 영등포구 영중로 15 지하 1층 (영등포동4가),1
437,신길중앙점,영등포구,서울 영등포구 도신로 229 (신길동),타임스퀘어R,영등포구,서울특별시 영등포구 영중로 15 지하 1층 (영등포동4가),1
438,신풍역점,영등포구,서울 영등포구 신풍로 52-1 (신길동),보라매공원R,동작구,"서울특별시 동작구 보라매로5길 35 (신대방동, 파크스퀘어,보라매현대APT)",1
439,양평동2가점,영등포구,"서울 영등포구 선유서로25길 19 (양평동2가, 오목교투웨니퍼스트)",목동파리공원,양천구,서울특별시 양천구 목동동로 377 (목동),1
440,여의나루역점,영등포구,서울 영등포구 여의나루로 113 (여의도동),샛강역,영등포구,서울특별시 영등포구 여의대방로 376 (여의도동),1
441,여의도농협재단점,영등포구,"서울 영등포구 국제금융로8길 2 (여의도동, 농협재단빌딩)",노량진역,동작구,서울특별시 동작구 노량진로 134 (노량진동),1
442,여의도역점,영등포구,"서울 영등포구 의사당대로 108 (여의도동, 아일렉스)",샛강역,영등포구,서울특별시 영등포구 여의대방로 376 (여의도동),1
443,영등포knk점,영등포구,"서울 영등포구 영신로 220 (영등포동8가, KnK디지털타워)",타임스퀘어R,영등포구,서울특별시 영등포구 영중로 15 지하 1층 (영등포동4가),1
444,영등포구청점,영등포구,서울 영등포구 당산로 110 (당산동3가),타임스퀘어R,영등포구,서울특별시 영등포구 영중로 15 지하 1층 (영등포동4가),1
445,영등포그랜드점,영등포구,"서울 영등포구 양산로9길 15 (양평동3가, 그랜드타워)",목동파리공원,양천구,서울특별시 양천구 목동동로 377 (목동),1
446,영등포본동점,영등포구,서울 영등포구 영신로19길 15 (영등포동),타임스퀘어R,영등포구,서울특별시 영등포구 영중로 15 지하 1층 (영등포동4가),0
447,영등포시장점,영등포구,서울 영등포구 영등포로35길 19 (영등포동6가),타임스퀘어R,영등포구,서울특별시 영등포구 영중로 15 지하 1층 (영등포동4가),1
448,영등포아크로타워점,영등포구,"서울 영등포구 국회대로54길 10 (영등포동7가, 아크로타워 스퀘어)",타임스퀘어R,영등포구,서울특별시 영등포구 영중로 15 지하 1층 (영등포동4가),1
449,영등포에이스점,영등포구,서울 영등포구 경인로 775 (문래동3가),타임스퀘어R,영등포구,서울특별시 영등포구 영중로 15 지하 1층 (영등포동4가),1
450,영등포점,영등포구,서울 영등포구 영중로 16-1 (영등포동3가),타임스퀘어R,영등포구,서울특별시 영등포구 영중로 15 지하 1층 (영등포동4가),0
451,영등포중앙점,영등포구,서울 영등포구 영중로 37 (영등포동4가),타임스퀘어R,영등포구,서울특별시 영등포구 영중로 15 지하 1층 (영등포동4가),0
452,영등포코레일점,영등포구,"서울 영등포구 경인로 846 (영등포동, 영등포 민자역사)",타임스퀘어R,영등포구,서울특별시 영등포구 영중로 15 지하 1층 (영등포동4가),0
453,영등포홈플러스점,영등포구,"서울 영등포구 당산로 42 (문래동3가, 홈플러스)",타임스퀘어R,영등포구,서울특별시 영등포구 영중로 15 지하 1층 (영등포동4가),1
454,한강성심병원점,영등포구,서울 영등포구 버드나루로 51 (영등포동2가),타임스퀘어R,영등포구,서울특별시 영등포구 영중로 15 지하 1층 (영등포동4가),1
455,한국수출입은행점,영등포구,"서울 영등포구 은행로 38 (여의도동, 한국수출입은행빌딩)",샛강역,영등포구,서울특별시 영등포구 여의대방로 376 (여의도동),1
456,힐스테이트클래시안점,영등포구,"서울 영등포구 신길로28길 9 (신길동, 힐스테이트 클래시안)",영등포신길,영등포구,"서울특별시 영등포구 신길로 137 (신길동) 1,2층",0
457,갈현점,은평구,서울 은평구 갈현로 268 (갈현동),연신내역사거리,은평구,서울특별시 은평구 통일로 842 (불광동),1
458,구산역점,은평구,서울 은평구 연서로 148 (대조동),불광역,은평구,서울특별시 은평구 통일로 715 (대조동),1
459,구파발역점,은평구,"서울 은평구 진관2로 29-21 (진관동, 드림스퀘어)",구파발사거리,은평구,서울특별시 은평구 진관3로 21 은평엘크루 101동 105-108호,0
460,녹번동점,은평구,"서울 은평구 진흥로 156 (녹번동, 신명빌딩)",불광역,은평구,서울특별시 은평구 통일로 715 (대조동),0
461,녹번중앙점,은평구,"서울 은평구 통일로 635 (녹번동, 녹번동메카오피스텔)",불광역,은평구,서울특별시 은평구 통일로 715 (대조동),1
462,백련산아이파크점,은평구,"서울 은평구 응암로 264 (응암동, 서울빌딩)",은평구청입구,은평구,서울특별시 은평구 은평로 170 (응암동),1
463,본서부병원점,은평구,"서울 은평구 응암로 337 (응암동, 빛터룩스 빌딩)",불광역,은평구,서울특별시 은평구 통일로 715 (대조동),1
464,불광역점,은평구,서울 은평구 통일로 731 (대조동),불광역,은평구,서울특별시 은평구 통일로 715 (대조동),0
465,불광연서로점,은평구,서울 은평구 연서로 275 (불광동),불광역,은평구,서울특별시 은평구 통일로 715 (대조동),0
466,불광중앙점,은평구,서울 은평구 불광로 59 (불광동),불광역,은평구,서울특별시 은평구 통일로 715 (대조동),0
467,새절역점,은평구,서울 은평구 가좌로 272 (신사동),은평이마트,은평구,서울특별시 은평구 은평로 111 (응암동),1
468,수색역점,은평구,서울 은평구 수색로 250 (수색동),상암YTN,마포구,서울특별시 마포구 상암산로 76 (상암동),0
469,역촌동점,은평구,서울 은평구 갈현로 82 (역촌동),은평구청입구,은평구,서울특별시 은평구 은평로 170 (응암동),1
470,역촌사거리점,은평구,서울 은평구 서오릉로 100 (대조동),불광역,은평구,서울특별시 은평구 통일로 715 (대조동),1
471,역촌역점,은평구,서울 은평구 진흥로 95 (역촌동),불광역,은평구,서울특별시 은평구 통일로 715 (대조동),1
472,역촌진흥로점,은평구,서울 은평구 진흥로1길 3 (역촌동),불광역,은평구,서울특별시 은평구 통일로 715 (대조동),1
473,연신내역점,은평구,서울 은평구 통일로 855-9 (갈현동),구파발사거리,은평구,서울특별시 은평구 진관3로 21 은평엘크루 101동 105-108호,1
474,연신내중앙점,은평구,서울 은평구 통일로 825 (대조동),불광역,은평구,서울특별시 은평구 통일로 715 (대조동),1
475,연신내통일로점,은평구,서울 은평구 통일로 876 (불광동),연신내역사거리,은평구,서울특별시 은평구 통일로 842 (불광동),0
476,은평구청점,은평구,서울 은평구 은평로 197 (녹번동),불광역,은평구,서울특별시 은평구 통일로 715 (대조동),1
477,은평이마트점,은평구,"서울 은평구 은평로 111 (응암동, 은평이마트)",불광역,은평구,서울특별시 은평구 통일로 715 (대조동),1
478,응암역점,은평구,"서울 은평구 연서로 9 (역촌동, 센타폴리스)",은평구청입구,은평구,서울특별시 은평구 은평로 170 (응암동),1
479,응암오거리점,은평구,서울 은평구 응암로 211 (응암동),북가좌DT,서대문구,서울특별시 서대문구 응암로 85 (북가좌동),1
480,응암중앙점,은평구,서울 은평구 응암로 183 (응암동),가재울뉴타운,서대문구,"서울특별시 서대문구 가재울미래로 2 (남가좌동, DMC파크뷰자이)",1
481,증산동점,은평구,서울 은평구 증산서길 78 (증산동),상암YTN,마포구,서울특별시 마포구 상암산로 76 (상암동),1
482,경복궁역점,종로구,서울 종로구 자하문로 7 (체부동),연합뉴스,종로구,서울특별시 종로구 율곡로2길 25 (수송동),1
483,광화문점,종로구,서울 종로구 세종대로23길 15 (도렴동),경기대,서대문구,서울특별시 서대문구 충정로 53 (충정로2가),1
484,광화문트윈트리타워점,종로구,"서울 종로구 율곡로 6 (중학동, 트윈 트리 빌딩)",연합뉴스,종로구,서울특별시 종로구 율곡로2길 25 (수송동),0
485,낙원동점,종로구,서울 종로구 낙원동 ,연합뉴스,종로구,서울특별시 종로구 율곡로2길 25 (수송동),1
486,대학로점,종로구,서울 종로구 대학로10길 17 (동숭동),삼선교,성북구,서울특별시 성북구 동소문로 10 (동소문동2가),1
487,독립문역점,종로구,서울 종로구 통일로 266 (무악동),경희궁로,종로구,서울특별시 종로구 새문안로3길 15 (당주동),1
488,동대문역점,종로구,"서울 종로구 율곡로 286 (종로6가, 야드인빌딩)",혜화역,종로구,서울특별시 종로구 대학로12길 4 (동숭동)1~2층,1
489,동묘역점,종로구,서울 종로구 종로 354 (숭인동),고대,성북구,서울특별시 성북구 고려대로24길 51 (안암동5가),1
490,방통대점,종로구,서울 종로구 대학로 81-1 (연건동),삼선교,성북구,서울특별시 성북구 동소문로 10 (동소문동2가),1
491,배화여대점,종로구,서울 종로구 필운대로1길 35 (필운동),연합뉴스,종로구,서울특별시 종로구 율곡로2길 25 (수송동),1
492,북촌마을점,종로구,서울 종로구 북촌로5길 39 (화동),연합뉴스,종로구,서울특별시 종로구 율곡로2길 25 (수송동),1
493,삼일빌딩점,종로구,서울 종로구 삼일대로15길 13 (관철동),연합뉴스,종로구,서울특별시 종로구 율곡로2길 25 (수송동),1
494,상명대점,종로구,서울 종로구 홍지동,종로평창동,종로구,서울특별시 종로구 평창12길 3 (평창동),1
495,성균관대점,종로구,서울 종로구 성균관로 8 (명륜2가),삼선교,성북구,서울특별시 성북구 동소문로 10 (동소문동2가),1
496,숭인점,종로구,서울 종로구 숭인동길 6 (숭인동),고대,성북구,서울특별시 성북구 고려대로24길 51 (안암동5가),1
497,신설점,종로구,서울 종로구 난계로29길 30 (숭인동),고대,성북구,서울특별시 성북구 고려대로24길 51 (안암동5가),1
498,종각점,종로구,서울 종로구 삼일대로19길 24 (관철동),연합뉴스,종로구,서울특별시 종로구 율곡로2길 25 (수송동),1
499,종로3가점,종로구,서울 종로구 종로 126 (종로3가),연합뉴스,종로구,서울특별시 종로구 율곡로2길 25 (수송동),1
500,종로4가점,종로구,서울 종로구 김상옥로 1 (인의동),혜화역,종로구,서울특별시 종로구 대학로12길 4 (동숭동)1~2층,1
501,종로5가점,종로구,서울 종로구 대학로 33 (효제동),혜화역,종로구,서울특별시 종로구 대학로12길 4 (동숭동)1~2층,1
502,종로교차로점,종로구,서울 종로구 동호로 406-1 (종로5가),혜화역,종로구,서울특별시 종로구 대학로12길 4 (동숭동)1~2층,1
503,종로구청점,종로구,서울 종로구 수송동,연합뉴스,종로구,서울특별시 종로구 율곡로2길 25 (수송동),0
504,종로르메이에르점,종로구,서울 종로구 종로1가 르메이에르종로타운,연합뉴스,종로구,서울특별시 종로구 율곡로2길 25 (수송동),0
505,종로삼일대로점,종로구,서울 종로구 삼일대로 390-1 (관철동),연합뉴스,종로구,서울특별시 종로구 율곡로2길 25 (수송동),1
506,종로타워점,종로구,"서울 종로구 종로 51 (종로2가, 종로타워)",연합뉴스,종로구,서울특별시 종로구 율곡로2길 25 (수송동),0
507,창덕궁점,종로구,서울 종로구 돈화문로 41-1 (묘동),연합뉴스,종로구,서울특별시 종로구 율곡로2길 25 (수송동),1
508,창신동점,종로구,서울 종로구 종로 316-1 (창신동),혜화역,종로구,서울특별시 종로구 대학로12길 4 (동숭동)1~2층,1
509,창신중앙점 ,종로구,서울 종로구 지봉로 64 (숭인동),혜화역,종로구,서울특별시 종로구 대학로12길 4 (동숭동)1~2층,1
510,혜화동로터리점,종로구,서울 종로구 혜화로 3-1 (혜화동),삼선교,성북구,서울특별시 성북구 동소문로 10 (동소문동2가),1
511,혜화역점,종로구,서울 종로구 창경궁로 258-15 (명륜2가),삼선교,성북구,서울특별시 성북구 동소문로 10 (동소문동2가),1
512,IBK본점,중구,"서울 중구 을지로 79 (을지로2가, 기업은행)",연합뉴스,종로구,서울특별시 종로구 율곡로2길 25 (수송동),1
513,YTN점,중구,서울 중구 세종대로1길 11 (봉래동1가),경기대,서대문구,서울특별시 서대문구 충정로 53 (충정로2가),1
514,광희동점,중구,서울 중구 마른내로 165-1 (광희동1가),동묘앞역,종로구,"서울특별시 종로구 종로 344 (숭인동, 대우디오빌) 101호 일부, 201호 일부",1
515,다동점,중구,서울 중구 다동길 46 (다동),연합뉴스,종로구,서울특별시 종로구 율곡로2길 25 (수송동),1
516,동국대후문점,중구,"서울 중구 창경궁로 2 (충무로5가, 남경빌딩)",인사,종로구,서울특별시 종로구 인사동길 14 (인사동),1
517,동대문점,중구,서울 중구 을지로43길 38 (을지로6가),동묘앞역,종로구,"서울특별시 종로구 종로 344 (숭인동, 대우디오빌) 101호 일부, 201호 일부",1
518,동평화점,중구,서울 중구 청계천로 318 (신당동),동묘앞역,종로구,"서울특별시 종로구 종로 344 (숭인동, 대우디오빌) 101호 일부, 201호 일부",0
519,만리동고개점,중구,"서울 중구 만리재로 175 (만리동2가, 서울역센트럴자이),402동 102호",마포경찰서후문,마포구,서울특별시 마포구 마포대로 173-14 (아현동),1
520,명동역점,중구,서울 중구 퇴계로 103 (충무로1가),연합뉴스,종로구,서울특별시 종로구 율곡로2길 25 (수송동),1
521,명동중앙점,중구,"서울 중구 명동7길 21 (을지로2가, 명동아르누보센텀)",연합뉴스,종로구,서울특별시 종로구 율곡로2길 25 (수송동),1
522,서소문점,중구,서울 중구 서소문로11길 8 (서소문동),경기대,서대문구,서울특별시 서대문구 충정로 53 (충정로2가),1
523,서울시청점,중구,"서울 중구 세종대로20길 23 (무교동, 원창빌딩)",경기대,서대문구,서울특별시 서대문구 충정로 53 (충정로2가),1
524,신당점,중구,서울 중구 다산로35길 11 (신당동),동묘앞역,종로구,"서울특별시 종로구 종로 344 (숭인동, 대우디오빌) 101호 일부, 201호 일부",1
525,신당중앙점,중구,서울 중구 퇴계로 455 (황학동),동묘앞역,종로구,"서울특별시 종로구 종로 344 (숭인동, 대우디오빌) 101호 일부, 201호 일부",1
526,약수역점,중구,서울 중구 동호로 186-13 (신당동),국립중앙의료원,중구,서울특별시 중구 을지로 251 (을지로6가),1
527,오장동점,중구,서울 중구 마른내로 109-1 (오장동),인사,종로구,서울특별시 종로구 인사동길 14 (인사동),1
528,을지로3가점,중구,서울 중구 수표로 45 (저동2가),연합뉴스,종로구,서울특별시 종로구 율곡로2길 25 (수송동),1
529,정동점,중구,서울 중구 정동길 2-1 (정동),경기대,서대문구,서울특별시 서대문구 충정로 53 (충정로2가),1
530,중림점,중구,서울 중구 청파로 464 (중림동),애오개역,마포구,"서울특별시 마포구 마포대로 201, 마포트라팰리스II (아현동)",1
531,청구역점,중구,서울 중구 다산로 181-2 (신당동),동묘앞역,종로구,"서울특별시 종로구 종로 344 (숭인동, 대우디오빌) 101호 일부, 201호 일부",1
532,충무로3가점,중구,서울 중구 퇴계로27길 31 (충무로3가),광화문우체국,종로구,서울특별시 종로구 종로 6 (서린동),1
533,충무로점,중구,서울 중구 퇴계로 188 (필동1가),더종로R,종로구,서울특별시 종로구 종로 51 (종로2가),1
534,충무아트홀점,중구,서울 중구 퇴계로 381-1 (신당동),동묘앞역,종로구,"서울특별시 종로구 종로 344 (숭인동, 대우디오빌) 101호 일부, 201호 일부",1
535,충무필동점,중구,서울 중구 퇴계로 218-5 (필동2가),더종로R,종로구,서울특별시 종로구 종로 51 (종로2가),1
536,태평로점,중구,서울 중구 세종대로11길 26 (서소문동),경기대,서대문구,서울특별시 서대문구 충정로 53 (충정로2가),1
537,퇴계로2길점,중구,서울 중구 퇴계로2길 1 (남창동),경기대,서대문구,서울특별시 서대문구 충정로 53 (충정로2가),1
538,한국은행점,중구,서울 중구 남대문로 29-2 (남대문로3가),경기대,서대문구,서울특별시 서대문구 충정로 53 (충정로2가),1
539,황학롯데캐슬점,중구,"서울 중구 청계천로 400 (황학동, 롯데캐슬베네치아)",동묘앞역,종로구,"서울특별시 종로구 종로 344 (숭인동, 대우디오빌) 101호 일부, 201호 일부",1
540,회현SK리더스점,중구,"서울 중구 퇴계로 72 (회현동1가, 리더스뷰남산)",경기대,서대문구,서울특별시 서대문구 충정로 53 (충정로2가),1
541,강동고덕교차로점,강동구,"서울 강동구 고덕로 421 (강일동, 대한연세요양원)",상일동,강동구,"서울특별시 강동구 상일로10길 36, 1~2층 (상일동)",1
542,강동구청점,강동구,"서울 강동구 성내로6길 20 (성내동, 청일 베르네)",강동구청DT,강동구,서울특별시 강동구 성내로 32 (성내동),0
543,강동성내점,강동구,서울 강동구 풍성로 162 (성내동),강동구청DT,강동구,서울특별시 강동구 성내로 32 (성내동),1
544,강동신명초교점,강동구,"서울 강동구 명일로 260 (길동, 길동신동아아파트)",명일역,강동구,서울특별시 강동구 양재대로 1647 (명일동),1
545,강동역점,강동구,"서울 강동구 천호대로 1065 (천호동, 강동상떼빌)",강동구청DT,강동구,서울특별시 강동구 성내로 32 (성내동),1
546,강일점,강동구,"서울 강동구 아리수로93길 19 (강일동, 임페리얼타워)",상일동역,강동구,"서울특별시 강동구 고덕로 399 (고덕동, 고덕센트럴푸르지오)",1
547,고덕그라시움후문점,강동구,서울 강동구 동남로82길 121 (고덕동),상일동,강동구,"서울특별시 강동구 상일로10길 36, 1~2층 (상일동)",1
548,고덕래미안힐스점,강동구,"서울 강동구 아리수로50길 50 (고덕동, 래미안힐스테이트고덕)",명일역,강동구,서울특별시 강동구 양재대로 1647 (명일동),1
549,고덕점,강동구,"서울 강동구 동남로75길 19 (명일동, 명일빌딩)",명일역,강동구,서울특별시 강동구 양재대로 1647 (명일동),1
550,길동사거리점,강동구,서울 강동구 천호대로 1132 (성내동),강동구청DT,강동구,서울특별시 강동구 성내로 32 (성내동),0
551,길동역점,강동구,서울 강동구 양재대로 1471 (길동),굽은다리역,강동구,"서울특별시 강동구 양재대로 1568 (명일동, 원일타워)",1
552,길동중앙점,강동구,서울 강동구 명일로 200 (길동),굽은다리역,강동구,"서울특별시 강동구 양재대로 1568 (명일동, 원일타워)",1
553,둔촌점,강동구,서울 강동구 양재대로 1377 (성내동),강동구청DT,강동구,서울특별시 강동구 성내로 32 (성내동),0
554,명일역점,강동구,"서울 강동구 구천면로 424 (명일동, 명일메가타운)",명일역,강동구,서울특별시 강동구 양재대로 1647 (명일동),0
555,명일중앙점,강동구,"서울 강동구 상암로 210 (명일동, 명일현대종합상가)",명일역,강동구,서울특별시 강동구 양재대로 1647 (명일동),1
556,보훈병원점,강동구,"서울 강동구 명일로 110 (둔촌동, 둔촌동암펠로스타워)",강동역,강동구,"서울특별시 강동구 천호대로 1089 (천호동, 강동 헤르셔)",1
557,상일리엔파크점,강동구,"서울 강동구 상일로 74 (상일동, 고덕리엔파크3단지아파트)",상일동,강동구,"서울특별시 강동구 상일로10길 36, 1~2층 (상일동)",0
558,암사3동점,강동구,"서울 강동구 고덕로 140 (암사동, 프라이어팰리스)",명일역,강동구,서울특별시 강동구 양재대로 1647 (명일동),0
559,암사역점,강동구,"서울 강동구 올림픽로 782 (암사동, 501타워)",명일역,강동구,서울특별시 강동구 양재대로 1647 (명일동),1
560,암사중앙점,강동구,"서울 강동구 암사길 50 (암사동, 제이빌더스)",명일역,강동구,서울특별시 강동구 양재대로 1647 (명일동),1
561,올림픽북문점,강동구,서울 강동구 성안로 7 (성내동),올림픽평화의문,송파구,서울특별시 송파구 위례성대로 38 (방이동) 해태그린피아빌라트,1
562,천호로데오점,강동구,서울 강동구 천호대로 1027 (천호동),강동구청DT,강동구,서울특별시 강동구 성내로 32 (성내동),1
563,천호역점,강동구,서울 강동구 천호대로 1006 (성내동),강동구청DT,강동구,서울특별시 강동구 성내로 32 (성내동),0
564,천호중앙점,강동구,"서울 강동구 올림픽로 660 (천호동, 천호엘크루주상복합)",강동구청DT,강동구,서울특별시 강동구 성내로 32 (성내동),1
565,천호초교사거리점,강동구,"서울 강동구 구천면로 304 (천호동, 일주빌딩)",명일역,강동구,서울특별시 강동구 양재대로 1647 (명일동),1
566,천호현대점,강동구,서울 강동구 올림픽로 665 (천호동),강동구청DT,강동구,서울특별시 강동구 성내로 32 (성내동),1
567,개봉북부점,구로구,서울 구로구 경인로40길 12 (개봉동),오류동역,구로구,서울특별시 구로구 경인로 216 (오류동),1
568,개봉역점,구로구,서울 구로구 남부순환로97길 11 (개봉동),오류동역,구로구,서울특별시 구로구 경인로 216 (오류동),1
569,개봉중앙점,구로구,서울 구로구 개봉로3길 26 (개봉동),오류동역,구로구,서울특별시 구로구 경인로 216 (오류동),1
570,개봉현대점,구로구,서울 구로구 개봉로 69 (개봉동),오류동역,구로구,서울특별시 구로구 경인로 216 (오류동),1
571,고대구로병원점,구로구,서울 구로구 구로동로 157 (구로동),가산에스케이,금천구,서울특별시 금천구 가산디지털1로 171 (가산동),1
572,고척사거리점,구로구,"서울 구로구 고척로 228-6 (고척동, 종만빌딩)",목동10단지,양천구,"서울특별시 양천구 목동서로 401 (신정동, 대림아크로빌), 상가A동 101,101-1호",1
573,고척스카이돔점,구로구,"서울 구로구 경인로 397 (고척동, 골든타워빌딩)",구로고척,구로구,서울특별시 구로구 경인로 387 (고척동),0
574,구로NC점,구로구,서울 구로구 구로동로 240 (구로동),신도림,구로구,서울특별시 구로구 경인로 610 (신도림동),1
575,구로거리공원점,구로구,서울 구로구 구로중앙로28길 73 (구로동),신도림,구로구,서울특별시 구로구 경인로 610 (신도림동),1
576,구로고척점,구로구,"서울 구로구 고척로 149 (고척동, 상암빌딩)",오류동역,구로구,서울특별시 구로구 경인로 216 (오류동),1
577,구로구청점,구로구,"서울 구로구 가마산로25길 9 (구로동, 네오팰리스)",신도림,구로구,서울특별시 구로구 경인로 610 (신도림동),1
578,구로궁동점,구로구,서울 구로구 오리로 1304 (궁동) 1층,오류동역,구로구,서울특별시 구로구 경인로 216 (오류동),1
579,구로미성점,구로구,"서울 구로구 구로중앙로 228 (신도림동, 기임빌딩)",신도림,구로구,서울특별시 구로구 경인로 610 (신도림동),1
580,구로에이스점,구로구,서울 구로구 디지털로33길 11 (구로동),신림DT,관악구,서울특별시 관악구 남부순환로 1419 (신림동),1
581,구로역광장점,구로구,"서울 구로구 경인로 572 (구로동, 스타팰리스)",신도림,구로구,서울특별시 구로구 경인로 610 (신도림동),1
582,구로이마트점,구로구,서울 구로구 디지털로32길 43 (구로동),신림DT,관악구,서울특별시 관악구 남부순환로 1419 (신림동),1
583,구로중앙점,구로구,서울 구로구 도림로 79 (구로동),가산에스케이,금천구,서울특별시 금천구 가산디지털1로 171 (가산동),1
584,구로코레일점,구로구,"서울 구로구 구로중앙로 174 (구로동, 구로역)",신도림,구로구,서울특별시 구로구 경인로 610 (신도림동),0
585,구로항동지구점,구로구,"서울 구로구 항동로3길 6 (항동, 가온 프라자)",구로오류DT,구로구,서울특별시 구로구 서해안로 2233 (오류동),1
586,구일역점,구로구,"서울 구로구 구일로 110 (구로동, 해원리버파크)",구로고척,구로구,서울특별시 구로구 경인로 387 (고척동),1
587,남구로역점,구로구,서울 구로구 디지털로27길 127 (가리봉동),가산에스케이,금천구,서울특별시 금천구 가산디지털1로 171 (가산동),1
588,동양미래대학점,구로구,서울 구로구 경인로47길 14 (고척동),구로고척,구로구,서울특별시 구로구 경인로 387 (고척동),0
589,메르디앙고척점,구로구,"서울 구로구 중앙로8길 11 (고척동, 고척 월드메르디앙)",목동10단지,양천구,"서울특별시 양천구 목동서로 401 (신정동, 대림아크로빌), 상가A동 101,101-1호",1
590,성공회대점,구로구,서울 구로구 연동로 312 (항동),구로오류DT,구로구,서울특별시 구로구 서해안로 2233 (오류동),1
591,신도림메르디앙점,구로구,"서울 구로구 신도림로 65 (신도림동, 신도림월드메르디앙오피스텔)",문래역,영등포구,서울특별시 영등포구 당산로 34 (문래동3가),1
592,신도림테크노마트점,구로구,서울 구로구 새말로 97 (구로동),문래역,영등포구,서울특별시 영등포구 당산로 34 (문래동3가),1
593,오류남부점,구로구,서울 구로구 오류로8길 65 (오류동),오류동역,구로구,서울특별시 구로구 경인로 216 (오류동),0
594,오류북부역점,구로구,서울 구로구 경인로20길 6 (오류동),오류동역,구로구,서울특별시 구로구 경인로 216 (오류동),1
595,천왕이펜하우스점,구로구,서울 구로구 천왕로 36 (천왕동),구로오류DT,구로구,서울특별시 구로구 서해안로 2233 (오류동),1
596,경희대점,동대문구,서울 동대문구 경희대로 4 (회기동),종암DT,성북구,서울특별시 성북구 종암로 17 (종암동),1
597,경희대캠퍼스점,동대문구,"서울 동대문구 경희대로 26 (회기동, 경희대학교,경희초,중,고,여자중고등학교)",종암DT,성북구,서울특별시 성북구 종암로 17 (종암동),1
598,답십리사거리점,동대문구,서울 동대문구 답십리로 145 (답십리동),답십리역,동대문구,서울특별시 동대문구 천호대로 263 (답십리동),0
599,답십리역점,동대문구,서울 동대문구 천호대로 265 (답십리동),답십리역,동대문구,서울특별시 동대문구 천호대로 263 (답십리동),1
600,답십리파크자이점,동대문구,"서울 동대문구 한천로 55 (답십리동, 영진빌딩)",답십리역,동대문구,서울특별시 동대문구 천호대로 263 (답십리동),1
601,동대문구청점,동대문구,서울 동대문구 천호대로 153-1 (용두동),종암DT,성북구,서울특별시 성북구 종암로 17 (종암동),1
602,동부병원사거리점,동대문구,서울 동대문구 무학로 104 (용두동),고대,성북구,서울특별시 성북구 고려대로24길 51 (안암동5가),1
603,서울시립대점,동대문구,"서울 동대문구 서울시립대로 164 (전농동, 도석프라자)",경희대삼거리,동대문구,서울특별시 동대문구 회기로 141 (회기동),1
604,신설동역점,동대문구,서울 동대문구 천호대로 11-3 (신설동),고대,성북구,서울특별시 성북구 고려대로24길 51 (안암동5가),1
605,외대점,동대문구,서울 동대문구 휘경로 12 (이문동),경희대삼거리,동대문구,서울특별시 동대문구 회기로 141 (회기동),1
606,용두동사거리점,동대문구,서울 동대문구 왕산로 68 (용두동),고대,성북구,서울특별시 성북구 고려대로24길 51 (안암동5가),1
607,용두동점,동대문구,서울 동대문구 고산자로 413-1 (용두동),고대,성북구,서울특별시 성북구 고려대로24길 51 (안암동5가),1
608,이문점 ,동대문구,서울 동대문구 신이문로 19 (이문동),외대정문,동대문구,서울특별시 동대문구 이문로 93 (이문동),1
609,장안동사거리점,동대문구,서울 동대문구 답십리로 309 (장안동),중곡역,광진구,"서울특별시 광진구 능동로 400 (중곡동) 1층 108,109,110,111,112,118 6개호실",1
610,장안동점,동대문구,서울 동대문구 장한로 43 (장안동),군자역,광진구,서울특별시 광진구 천호대로 548 (군자동) 중앙빌딩,1
611,장안중랑천점,동대문구,서울 동대문구 장한로18길 32 (장안동),군자역,광진구,서울특별시 광진구 천호대로 548 (군자동) 중앙빌딩,1
612,장안중앙점,동대문구,서울 동대문구 사가정로25길 42 (장안동),중랑역,중랑구,서울특별시 중랑구 망우로30길 3 (상봉동),1
613,장한평군자초교점,동대문구,서울 동대문구 한천로2길 53 (장안동),답십리역,동대문구,서울특별시 동대문구 천호대로 263 (답십리동),1
614,전농뉴타운점,동대문구,서울 동대문구 답십리로 77 (전농동),답십리역,동대문구,서울특별시 동대문구 천호대로 263 (답십리동),1
615,전농사거리점,동대문구,서울 동대문구 사가정로 132 (전농동),답십리역,동대문구,서울특별시 동대문구 천호대로 263 (답십리동),1
616,청량리점,동대문구,서울 동대문구 왕산로 225 (청량리동),종암DT,성북구,서울특별시 성북구 종암로 17 (종암동),1
617,촬영소사거리점,동대문구,서울 동대문구 답십리로 264 (장안동),장한평역,동대문구,서울특별시 동대문구 장한로 10 (장안동),1
618,회기역점,동대문구,"서울 동대문구 망우로 67 (휘경동, 효자 워너빌)",경희대삼거리,동대문구,서울특별시 동대문구 회기로 141 (회기동),1
619,회기역중앙점,동대문구,서울 동대문구 회기로 194-1 (휘경동),경희대삼거리,동대문구,서울특별시 동대문구 회기로 141 (회기동),1
620,논골사거리점,성동구,서울 성동구 난계로 35 (금호동1가),신당역사거리,중구,서울특별시 중구 다산로 258 (흥인동),1
621,답십리로데오점,성동구,서울 성동구 용답19길 17-1 (용답동),답십리역,동대문구,서울특별시 동대문구 천호대로 263 (답십리동),1
622,뚝섬역점,성동구,서울 성동구 상원길 38-1 (성수동1가),서울숲역,성동구,서울특별시 성동구 왕십리로 50 (성수동1가) 1층,1
623,마장동점,성동구,서울 성동구 고산자로 339-2 (마장동),황학캐슬,중구,서울특별시 중구 청계천로 400 (황학동) 롯데캐슬베네치아,1
624,마장역점,성동구,서울 성동구 마장로 293-1 (마장동),답십리역,동대문구,서울특별시 동대문구 천호대로 263 (답십리동),1
625,상왕십리역점,성동구,서울 성동구 무학봉15길 27 (하왕십리동),신당역사거리,중구,서울특별시 중구 다산로 258 (흥인동),1
626,서울숲역점,성동구,서울 성동구 왕십리로 96-1 (성수동1가),서울숲역,성동구,서울특별시 성동구 왕십리로 50 (성수동1가) 1층,0
627,성동구청점,성동구,서울 성동구 고산자로 269 (도선동),신당역사거리,중구,서울특별시 중구 다산로 258 (흥인동),1
628,성수아카데미점,성동구,서울 성동구 성수이로 118 (성수동2가),건국대,광진구,서울특별시 광진구 능동로 117 (화양동),1
629,성수우리W타워점,성동구,서울 성동구 아차산로15길 19 (성수동2가),건국대,광진구,서울특별시 광진구 능동로 117 (화양동),1
630,성수중앙점,성동구,"서울 성동구 성수일로6길 47 (성수동2가, 현성빌딩)",건국대,광진구,서울특별시 광진구 능동로 117 (화양동),1
631,신금호역점,성동구,서울 성동구 금호산길 64 (금호동2가),동대입구역,중구,서울특별시 중구 장충단로 166 (장충동1가),1
632,옥수동점,성동구,서울 성동구 매봉길 12 (옥수동),약수역,중구,서울특별시 중구 다산로 129 (신당동),1
633,옥수역점,성동구,서울 성동구 한림말5길 9 (옥수동),금호역,성동구,서울특별시 성동구 동호로 99 (금호동4가),1
634,왕십리비트플렉스점,성동구,서울 성동구 왕십리광장로 17 (행당동),답십리역,동대문구,서울특별시 동대문구 천호대로 263 (답십리동),1
635,왕십리센트라스점,성동구,서울 성동구 무학로 22 (홍익동),동묘앞역,종로구,"서울특별시 종로구 종로 344 (숭인동, 대우디오빌) 101호 일부, 201호 일부",1
636,왕십리역점,성동구,서울 성동구 왕십리로 309 (행당동),황학사거리,성동구,"서울특별시 성동구 왕십리로 410 (하왕십리동, 센트라스)",1
637,응봉동점,성동구,"서울 성동구 독서당로 381 (응봉동, 현대종합상가)",금호역,성동구,서울특별시 성동구 동호로 99 (금호동4가),1
638,장한평역점,성동구,서울 성동구 천호대로 426 (용답동),어린이대공원역,광진구,서울특별시 광진구 능동로 243 (군자동),1
639,텐즈힐점,성동구,"서울 성동구 무학로 33 (하왕십리동, 텐즈힐)",동묘앞역,종로구,"서울특별시 종로구 종로 344 (숭인동, 대우디오빌) 101호 일부, 201호 일부",1
640,한양대점,성동구,서울 성동구 사근동길 4 (행당동),답십리역,동대문구,서울특별시 동대문구 천호대로 263 (답십리동),1
641,행당동점,성동구,서울 성동구 고산자로 201 (행당동),황학사거리,성동구,"서울특별시 성동구 왕십리로 410 (하왕십리동, 센트라스)",1
642,IBK고객센터점,용산구,"서울 용산구 한남대로 72 (한남동, IBK기업은행고객센터)",옥수,성동구,서울특별시 성동구 독서당로 202 (옥수동),1
643,동부이촌동점,용산구,서울 용산구 이촌로77길 19 (이촌동),용산역써밋R,용산구,"서울특별시 용산구 한강대로 69 (한강로2가, 용산푸르지오써밋)",1
644,동자동점,용산구,서울 용산구 후암로 93 (동자동),경기대,서대문구,서울특별시 서대문구 충정로 53 (충정로2가),1
645,삼각지점,용산구,서울 용산구 한강대로 138 (한강로2가),효창공원앞역,용산구,"서울특별시 용산구 백범로 313 (효창동, 용산 롯데캐슬 센터포레)",1
646,숙대입구역점,용산구,서울 용산구 한강대로 289 (갈월동),대우재단빌딩,중구,서울특별시 중구 퇴계로 18 (남대문로5가),1
647,순천향병원점,용산구,서울 용산구 대사관로 72 ,옥수,성동구,서울특별시 성동구 독서당로 202 (옥수동),1
648,용문점,용산구,서울 용산구 원효로41길 73 (원효로2가),공덕,마포구,서울특별시 마포구 마포대로 130 (공덕동),1
649,용산원효점,용산구,"서울 용산구 원효로 70 (원효로4가, 신정빌딩)",마포용강동,마포구,서울특별시 마포구 토정로 295 (용강동),1
650,용산중앙점,용산구,서울 용산구 한강대로 52-1 (한강로3가),용산역써밋R,용산구,"서울특별시 용산구 한강대로 69 (한강로2가, 용산푸르지오써밋)",0
651,용산청파점,용산구,"서울 용산구 청파로71길 10 (청파동1가, 새마을금고)",마포경찰서후문,마포구,서울특별시 마포구 마포대로 173-14 (아현동),1
652,용산효창점,용산구,서울 용산구 효창원로66길 2 (효창동),마포경찰서후문,마포구,서울특별시 마포구 마포대로 173-14 (아현동),1
653,용산후암점,용산구,"서울 용산구 후암로 40-2 (후암동, 성원빌딩)",숭례문북창,중구,서울특별시 중구 세종대로12길 12 (남대문로4가),1
654,원효로점,용산구,서울 용산구 원효로 257 (원효로1가),공덕,마포구,서울특별시 마포구 마포대로 130 (공덕동),1
655,이태원역점,용산구,서울 용산구 이태원로 176 (이태원동),이태원역,용산구,서울특별시 용산구 이태원로 188 (이태원동),0
656,금란망우점,중랑구,서울 중랑구 망우로 460 (망우동),상봉,중랑구,"서울특별시 중랑구 상봉로 131 (상봉동, 상봉 듀오트리스 주상복합)",1
657,동원사거리점,중랑구,"서울 중랑구 겸재로 240 (면목동, 행복오피스텔)",상봉,중랑구,"서울특별시 중랑구 상봉로 131 (상봉동, 상봉 듀오트리스 주상복합)",1
658,망우동점,중랑구,서울 중랑구 망우로 416 (망우동),상봉,중랑구,"서울특별시 중랑구 상봉로 131 (상봉동, 상봉 듀오트리스 주상복합)",1
659,망우중앙점,중랑구,"서울 중랑구 용마산로115길 109 (망우동, 한일써너스빌리젠시2단지)",상봉,중랑구,"서울특별시 중랑구 상봉로 131 (상봉동, 상봉 듀오트리스 주상복합)",0
660,먹골역점,중랑구,서울 중랑구 동일로157길 13 (묵동),공릉DT,노원구,서울특별시 노원구 동일로 1015 (공릉동),1
661,면목경남아너스빌점,중랑구,서울 중랑구 면목로27길 92 (면목동),중곡역,광진구,"서울특별시 광진구 능동로 400 (중곡동) 1층 108,109,110,111,112,118 6개호실",1
662,면목본동점,중랑구,서울 중랑구 면목로 370 (면목동),상봉,중랑구,"서울특별시 중랑구 상봉로 131 (상봉동, 상봉 듀오트리스 주상복합)",1
663,묵동자이점,중랑구,"서울 중랑구 동일로 932 (묵동, 묵동자이아파트)",공릉DT,노원구,서울특별시 노원구 동일로 1015 (공릉동),1
664,봉화산역점,중랑구,서울 중랑구 신내로 211 (신내동),태릉입구역DT,노원구,서울특별시 노원구 화랑로 469 (공릉동),1
665,사가정아이파크점,중랑구,"서울 중랑구 동일로92길 57 (면목동, 메디포레)",중랑역,중랑구,서울특별시 중랑구 망우로30길 3 (상봉동),1
666,사가정역점,중랑구,서울 중랑구 면목로 325 (면목동),사가정역,중랑구,서울특별시 중랑구 면목로 310,0
667,상봉엠코점,중랑구,"서울 중랑구 망우로 353 (상봉동, 상봉 프레미어스 엠코)",상봉,중랑구,"서울특별시 중랑구 상봉로 131 (상봉동, 상봉 듀오트리스 주상복합)",0
668,상봉역점,중랑구,서울 중랑구 망우로 277 (상봉동),상봉,중랑구,"서울특별시 중랑구 상봉로 131 (상봉동, 상봉 듀오트리스 주상복합)",1
669,상봉중앙점,중랑구,서울 중랑구 망우로 316 (상봉동),상봉,중랑구,"서울특별시 중랑구 상봉로 131 (상봉동, 상봉 듀오트리스 주상복합)",0
670,서울상봉1동점,중랑구,서울 중랑구 상봉중앙로 36 (상봉동),상봉,중랑구,"서울특별시 중랑구 상봉로 131 (상봉동, 상봉 듀오트리스 주상복합)",0
671,서울의료원점,중랑구,"서울 중랑구 신내로 156 (신내동, 서울의료원)",중랑구청,중랑구,서울특별시 중랑구 신내로 72,1
672,서울중랑경찰서점,중랑구,서울 중랑구 신내역로3길 40-11 (신내동),중랑구청,중랑구,서울특별시 중랑구 신내로 72,1
673,서울중화초등학교점,중랑구,"서울 중랑구 신내로7가길 7 (신내동, 제이리옴)",상봉,중랑구,"서울특별시 중랑구 상봉로 131 (상봉동, 상봉 듀오트리스 주상복합)",1
674,서일중앙점,중랑구,"서울 중랑구 용마산로 394 (면목동, 해동검도)",상봉,중랑구,"서울특별시 중랑구 상봉로 131 (상봉동, 상봉 듀오트리스 주상복합)",1
675,신내동점,중랑구,서울 중랑구 봉화산로 215 (신내동),상봉,중랑구,"서울특별시 중랑구 상봉로 131 (상봉동, 상봉 듀오트리스 주상복합)",1
676,양원남부점,중랑구,서울 중랑구 양원역로 25-10 (망우동),상봉,중랑구,"서울특별시 중랑구 상봉로 131 (상봉동, 상봉 듀오트리스 주상복합)",1
677,양원역점,중랑구,서울 중랑구 양원역로14가길 24 (망우동),상봉,중랑구,"서울특별시 중랑구 상봉로 131 (상봉동, 상봉 듀오트리스 주상복합)",1
678,용마산역점,중랑구,서울 중랑구 면목로 254-1 (면목동),중곡역,광진구,"서울특별시 광진구 능동로 400 (중곡동) 1층 108,109,110,111,112,118 6개호실",1
679,우림시장점,중랑구,서울 중랑구 봉우재로 240 (망우동),상봉,중랑구,"서울특별시 중랑구 상봉로 131 (상봉동, 상봉 듀오트리스 주상복합)",1
680,중랑교차로점,중랑구,서울 중랑구 동일로 683 (면목동),상봉,중랑구,"서울특별시 중랑구 상봉로 131 (상봉동, 상봉 듀오트리스 주상복합)",1
681,중랑역점,중랑구,서울 중랑구 망우로 198 (상봉동),외대정문,동대문구,서울특별시 동대문구 이문로 93 (이문동),1
682,중화동점,중랑구,서울 중랑구 동일로129길 1 (중화동),상봉,중랑구,"서울특별시 중랑구 상봉로 131 (상봉동, 상봉 듀오트리스 주상복합)",1
683,중화역점,중랑구,"서울 중랑구 동일로 815, 1층",상봉,중랑구,"서울특별시 중랑구 상봉로 131 (상봉동, 상봉 듀오트리스 주상복합)",1
684,화랑대역점,중랑구,"서울 중랑구 신내로25가길 2 (묵동, 현동학당)",공릉DT,노원구,서울특별시 노원구 동일로 1015 (공릉동),1
